Order_ID,Date,Product,Category,Region,Quantity,Unit_Price,Sales,Profit
1104,2024-01-01,TV,Electronics,North,1,29683,29683,4266.28
2079,2024-01-01,Bookshelf,Furniture,West,5,5331,26655,3713.08
1835,2024-01-01,Watch,Accessories,East,1,4591,4591,629.52
1322,2024-01-01,Sofa,Furniture,East,5,30677,153385,36622.01
1574,2024-01-01,Chair,Furniture,North,5,3267,16335,3589.25
2135,2024-01-02,Watch,Accessories,South,4,6480,25920,6313.01
1830,2024-01-02,Table,Furniture,South,1,10678,10678,2132.33
1044,2024-01-02,Laptop,Electronics,West,4,82357,329428,57620.21
1779,2024-01-03,Chair,Furniture,North,2,4696,9392,1375.0
1428,2024-01-03,Laptop,Electronics,West,3,83231,249693,37017.99
2063,2024-01-03,Headphones,Electronics,East,4,1110,4440,709.04
1115,2024-01-05,Sofa,Furniture,West,1,36400,36400,5884.53
1166,2024-01-05,TV,Electronics,East,2,15077,30154,7066.21
1875,2024-01-05,Pen,Stationery,West,3,15,45,8.62
2254,2024-01-05,Pen,Stationery,East,5,80,400,70.71
1390,2024-01-05,TV,Electronics,South,1,46497,46497,4179.52
1367,2024-01-05,Watch,Accessories,East,5,5055,25275,3187.05
1458,2024-01-07,Table,Furniture,East,2,12614,25228,5159.54
2451,2024-01-07,Backpack,Accessories,East,2,730,1460,227.69
1272,2024-01-07,Backpack,Accessories,North,3,2626,7878,968.41
1614,2024-01-07,Headphones,Electronics,North,4,4209,16836,1350.75
1542,2024-01-07,Headphones,Electronics,North,1,2091,2091,290.23
1952,2024-01-08,TV,Electronics,North,3,42332,126996,12740.94
1479,2024-01-08,Chair,Furniture,West,3,7511,22533,3002.24
1110,2024-01-08,Pen,Stationery,West,2,45,90,13.14
1793,2024-01-08,Bookshelf,Furniture,South,1,7021,7021,1285.99
1327,2024-01-08,Mobile,Electronics,North,5,31196,155980,38023.08
1997,2024-01-09,Watch,Accessories,South,5,8300,41500,3663.54
2036,2024-01-09,Notebook,Stationery,South,1,161,161,13.43
1284,2024-01-09,Table,Furniture,West,4,12208,48832,4439.59
2276,2024-01-10,Mobile,Electronics,West,5,24885,124425,11351.22
1417,2024-01-10,Laptop,Electronics,West,1,58953,58953,8446.1
1807,2024-01-11,Watch,Accessories,South,5,11135,55675,8982.85
2333,2024-01-11,Sofa,Furniture,South,2,17129,34258,3581.09
1204,2024-01-11,Pen,Stationery,East,3,11,33,5.95
1631,2024-01-11,Watch,Accessories,West,1,10597,10597,1202.52
2445,2024-01-12,Pen,Stationery,North,1,58,58,14.29
2388,2024-01-12,TV,Electronics,North,3,26953,80859,11655.76
1372,2024-01-12,Laptop,Electronics,West,4,77891,311564,50077.9
2183,2024-01-12,Chair,Furniture,South,4,4303,17212,3804.3
1109,2024-01-12,Pen,Stationery,West,4,25,100,9.81
1685,2024-01-12,Chair,Furniture,East,3,3424,10272,1540.61
1596,2024-01-13,Chair,Furniture,North,4,5107,20428,2084.31
1580,2024-01-13,Bookshelf,Furniture,East,4,8046,32184,7298.63
1831,2024-01-13,Mobile,Electronics,North,2,38957,77914,8494.22
1607,2024-01-13,Chair,Furniture,South,2,3315,6630,552.18
1681,2024-01-13,TV,Electronics,East,3,50531,151593,34788.77
2172,2024-01-13,TV,Electronics,North,3,17663,52989,5161.26
1600,2024-01-13,Mobile,Electronics,North,4,32972,131888,29616.66
1431,2024-01-13,Notebook,Stationery,West,2,193,386,80.82
1784,2024-01-14,Backpack,Accessories,West,2,2736,5472,774.91
1382,2024-01-14,Notebook,Stationery,East,3,178,534,58.47
1998,2024-01-15,Sofa,Furniture,South,1,30705,30705,7168.69
1171,2024-01-15,Laptop,Electronics,West,3,60053,180159,38565.11
1016,2024-01-15,Laptop,Electronics,North,1,75774,75774,16009.65
1023,2024-01-15,Pen,Stationery,South,3,86,258,22.02
1921,2024-01-16,Sofa,Furniture,North,3,27310,81930,10439.48
2100,2024-01-16,Sofa,Furniture,West,2,12706,25412,2756.85
2175,2024-01-16,Sofa,Furniture,West,4,18445,73780,15962.05
2463,2024-01-16,Laptop,Electronics,West,5,50890,254450,33300.44
2016,2024-01-16,Watch,Accessories,West,5,5339,26695,2739.22
1977,2024-01-16,TV,Electronics,East,3,31122,93366,13366.55
1601,2024-01-16,Notebook,Stationery,North,3,195,585,119.45
1978,2024-01-17,Sofa,Furniture,West,2,15037,30074,4808.4
1646,2024-01-17,Mobile,Electronics,North,4,12956,51824,9201.51
1609,2024-01-17,Watch,Accessories,South,5,5779,28895,4591.31
2122,2024-01-17,Notebook,Stationery,South,4,186,744,179.94
2362,2024-01-17,Backpack,Accessories,West,3,2279,6837,1506.47
2003,2024-01-18,Backpack,Accessories,South,2,2319,4638,901.19
1421,2024-01-18,Chair,Furniture,North,4,4208,16832,1500.67
2171,2024-01-18,Notebook,Stationery,West,2,34,68,11.76
1739,2024-01-19,TV,Electronics,South,1,52865,52865,6059.57
1102,2024-01-19,Sofa,Furniture,South,5,21714,108570,8895.15
1562,2024-01-20,Notebook,Stationery,South,1,41,41,9.9
1205,2024-01-20,Chair,Furniture,North,1,6529,6529,1006.39
1753,2024-01-20,Backpack,Accessories,South,3,2870,8610,791.26
1433,2024-01-20,Backpack,Accessories,West,3,2278,6834,1704.24
2056,2024-01-21,Table,Furniture,West,3,4894,14682,3201.13
1482,2024-01-21,Mobile,Electronics,West,2,41691,83382,12730.2
1277,2024-01-21,Chair,Furniture,East,3,5679,17037,2157.17
2271,2024-01-21,Sofa,Furniture,East,2,27509,55018,5011.98
1870,2024-01-22,Table,Furniture,East,1,5028,5028,682.75
1683,2024-01-22,TV,Electronics,North,3,35452,106356,23889.22
1666,2024-01-22,Chair,Furniture,South,1,4208,4208,608.97
1938,2024-01-22,Headphones,Electronics,West,1,3276,3276,728.52
1052,2024-01-22,Table,Furniture,South,3,6436,19308,4472.66
2305,2024-01-22,Bookshelf,Furniture,East,4,3132,12528,2791.28
2456,2024-01-23,Bookshelf,Furniture,West,3,5951,17853,3023.96
1576,2024-01-23,Notebook,Stationery,South,4,157,628,93.7
1657,2024-01-24,Bookshelf,Furniture,South,3,5075,15225,2552.66
2395,2024-01-24,Table,Furniture,East,3,5072,15216,3605.56
1989,2024-01-25,Sofa,Furniture,North,3,21348,64044,15553.14
2290,2024-01-25,Notebook,Stationery,North,1,184,184,17.14
1094,2024-01-25,Headphones,Electronics,East,1,4136,4136,410.66
2326,2024-01-25,TV,Electronics,North,4,30078,120312,12442.04
2369,2024-01-25,Mobile,Electronics,North,1,17241,17241,1817.11
1386,2024-01-25,Chair,Furniture,South,2,4464,8928,1482.39
2125,2024-01-26,Notebook,Stationery,South,4,183,732,136.24
1273,2024-01-26,Mobile,Electronics,South,5,21025,105125,25285.89
1062,2024-01-26,TV,Electronics,South,5,44592,222960,20929.48
1354,2024-01-26,Notebook,Stationery,East,2,39,78,11.02
1792,2024-01-26,Backpack,Accessories,West,3,2459,7377,655.36
2011,2024-01-26,Table,Furniture,North,1,12643,12643,2367.05
2331,2024-01-26,Notebook,Stationery,South,5,181,905,125.44
1276,2024-01-27,TV,Electronics,North,4,59413,237652,20276.8
2200,2024-01-27,Headphones,Electronics,West,3,3991,11973,2376.86
2367,2024-01-27,TV,Electronics,South,5,48638,243190,53465.75
2297,2024-01-28,Headphones,Electronics,West,3,4571,13713,2602.83
1770,2024-01-28,Bookshelf,Furniture,North,5,5748,28740,6594.73
1144,2024-01-28,Pen,Stationery,East,1,66,66,7.65
1737,2024-01-28,Backpack,Accessories,South,3,2794,8382,1148.88
2025,2024-01-28,Notebook,Stationery,South,2,54,108,8.76
1465,2024-01-28,Pen,Stationery,East,1,50,50,8.62
2400,2024-01-29,Mobile,Electronics,East,2,11435,22870,4242.26
2354,2024-01-29,Mobile,Electronics,West,2,19560,39120,3293.67
1217,2024-01-29,Chair,Furniture,East,3,6915,20745,2913.93
1373,2024-01-30,Sofa,Furniture,West,5,33154,165770,34036.0
1426,2024-01-30,Sofa,Furniture,West,5,19496,97480,10451.04
2324,2024-01-30,Mobile,Electronics,West,3,33628,100884,11565.18
2366,2024-01-31,Backpack,Accessories,East,2,1900,3800,757.08
1082,2024-02-02,Laptop,Electronics,North,3,70506,211518,50774.69
1983,2024-02-02,Pen,Stationery,North,3,21,63,8.7
1147,2024-02-03,Bookshelf,Furniture,West,3,8891,26673,3851.35
2440,2024-02-03,Watch,Accessories,East,1,7216,7216,1220.39
1912,2024-02-03,Backpack,Accessories,South,5,2409,12045,1669.67
1550,2024-02-04,Sofa,Furniture,South,4,10785,43140,7450.92
1010,2024-02-04,Laptop,Electronics,West,4,36585,146340,19461.89
2147,2024-02-04,Sofa,Furniture,South,2,34054,68108,16218.43
1498,2024-02-04,TV,Electronics,South,3,21142,63426,9630.17
1089,2024-02-05,Mobile,Electronics,North,5,42911,214555,25867.07
2204,2024-02-06,TV,Electronics,South,4,30761,123044,16073.99
1256,2024-02-06,Watch,Accessories,West,4,3820,15280,1420.16
1522,2024-02-06,Laptop,Electronics,North,5,68623,343115,47585.91
1172,2024-02-07,Notebook,Stationery,North,1,184,184,15.77
1914,2024-02-07,Table,Furniture,West,1,9382,9382,975.62
2439,2024-02-07,Bookshelf,Furniture,South,3,6516,19548,1608.75
2034,2024-02-08,Pen,Stationery,South,1,39,39,4.54
1170,2024-02-08,TV,Electronics,South,3,42202,126606,17336.66
2375,2024-02-08,Notebook,Stationery,South,4,141,564,57.48
2160,2024-02-08,Bookshelf,Furniture,North,4,7137,28548,2799.05
1254,2024-02-09,Notebook,Stationery,North,3,168,504,64.43
2253,2024-02-09,Table,Furniture,West,5,3639,18195,1462.02
2338,2024-02-09,Pen,Stationery,East,3,71,213,35.8
1813,2024-02-09,Headphones,Electronics,South,5,4302,21510,3510.36
1152,2024-02-09,Chair,Furniture,West,2,2419,4838,860.78
1312,2024-02-10,Table,Furniture,West,1,4646,4646,895.03
1019,2024-02-10,Watch,Accessories,East,4,9192,36768,5009.74
1931,2024-02-10,Mobile,Electronics,West,1,13543,13543,2154.79
1211,2024-02-10,Table,Furniture,South,5,10184,50920,9712.56
2417,2024-02-11,Watch,Accessories,East,2,4593,9186,1966.91
2207,2024-02-11,Notebook,Stationery,North,2,151,302,37.24
1838,2024-02-11,TV,Electronics,East,1,37800,37800,4546.53
1992,2024-02-11,Chair,Furniture,West,2,5014,10028,1727.92
1615,2024-02-12,Chair,Furniture,West,4,2472,9888,2214.92
1028,2024-02-13,Headphones,Electronics,South,3,2481,7443,1005.84
1320,2024-02-13,Bookshelf,Furniture,West,4,3390,13560,2329.39
1854,2024-02-13,Pen,Stationery,East,2,43,86,19.97
1877,2024-02-13,Sofa,Furniture,East,3,22306,66918,5854.45
2104,2024-02-13,Backpack,Accessories,South,5,1047,5235,1177.86
1884,2024-02-14,Mobile,Electronics,West,4,44343,177372,41822.81
2323,2024-02-14,Notebook,Stationery,South,1,61,61,7.99
2103,2024-02-14,Laptop,Electronics,East,5,40529,202645,49133.39
1795,2024-02-14,Backpack,Accessories,East,3,1451,4353,893.94
1547,2024-02-14,Headphones,Electronics,South,3,1678,5034,734.75
2240,2024-02-14,Pen,Stationery,East,4,43,172,33.85
2033,2024-02-14,Table,Furniture,North,1,8753,8753,821.62
1617,2024-02-14,Table,Furniture,East,3,11835,35505,7126.67
2345,2024-02-15,Mobile,Electronics,South,2,8105,16210,2912.29
1497,2024-02-15,Table,Furniture,South,5,5659,28295,4893.06
1283,2024-02-15,Notebook,Stationery,South,4,46,184,22.46
1655,2024-02-15,Watch,Accessories,South,4,5370,21480,2796.5
1248,2024-02-16,Sofa,Furniture,North,3,23832,71496,12979.14
2280,2024-02-16,Bookshelf,Furniture,West,3,5382,16146,1502.95
1710,2024-02-16,Laptop,Electronics,North,5,56869,284345,26476.69
1895,2024-02-16,Headphones,Electronics,West,1,4625,4625,495.98
2123,2024-02-16,Backpack,Accessories,West,5,2812,14060,1739.23
1445,2024-02-16,Backpack,Accessories,East,4,2233,8932,1297.39
1020,2024-02-17,Sofa,Furniture,East,5,21837,109185,22277.35
1750,2024-02-17,Mobile,Electronics,West,4,44487,177948,19733.18
2371,2024-02-17,Notebook,Stationery,North,3,144,432,72.63
1414,2024-02-18,Headphones,Electronics,South,1,2113,2113,400.34
2301,2024-02-18,Pen,Stationery,North,2,57,114,26.7
2209,2024-02-18,Notebook,Stationery,North,2,98,196,20.16
2310,2024-02-18,Chair,Furniture,South,3,7375,22125,4348.91
1380,2024-02-18,Pen,Stationery,South,5,91,455,65.84
1519,2024-02-18,Laptop,Electronics,South,3,52543,157629,35224.91
1306,2024-02-19,Laptop,Electronics,East,1,39703,39703,6136.68
1880,2024-02-19,Laptop,Electronics,East,4,72663,290652,43667.36
2022,2024-02-19,Headphones,Electronics,East,3,3193,9579,1898.0
2274,2024-02-20,Mobile,Electronics,South,5,37163,185815,29375.2
1624,2024-02-21,Table,Furniture,West,4,10605,42420,7279.2
2497,2024-02-21,TV,Electronics,South,3,23168,69504,12105.85
1955,2024-02-21,Chair,Furniture,North,3,5425,16275,1844.96
1347,2024-02-21,Backpack,Accessories,North,3,1679,5037,900.41
1068,2024-02-22,Watch,Accessories,West,4,804,3216,717.63
2398,2024-02-22,Watch,Accessories,East,3,10974,32922,7123.88
2292,2024-02-22,Mobile,Electronics,South,2,21393,42786,3831.76
1606,2024-02-23,Pen,Stationery,North,5,53,265,52.2
1967,2024-02-23,TV,Electronics,North,3,42405,127215,24409.68
1432,2024-02-23,Watch,Accessories,North,1,1837,1837,446.16
1011,2024-02-23,Pen,Stationery,West,5,63,315,77.12
1585,2024-02-23,Headphones,Electronics,West,2,659,1318,159.65
1059,2024-02-23,Pen,Stationery,East,2,55,110,20.3
2097,2024-02-23,Bookshelf,Furniture,South,4,4895,19580,4127.57
2217,2024-02-24,Headphones,Electronics,West,5,3231,16155,3680.85
2128,2024-02-24,Pen,Stationery,East,4,81,324,69.5
1196,2024-02-24,Sofa,Furniture,East,2,23087,46174,5819.15
1438,2024-02-24,Headphones,Electronics,West,2,4459,8918,1622.12
1184,2024-02-24,TV,Electronics,West,1,17708,17708,3657.1
1138,2024-02-25,Backpack,Accessories,East,5,547,2735,220.01
2381,2024-02-26,Backpack,Accessories,North,5,2733,13665,2008.92
1827,2024-02-27,Bookshelf,Furniture,South,5,7850,39250,9443.28
1718,2024-02-27,Backpack,Accessories,East,2,1711,3422,564.3
1073,2024-02-27,Pen,Stationery,North,1,43,43,8.27
1874,2024-02-27,Laptop,Electronics,East,2,42384,84768,7252.08
2185,2024-02-27,Backpack,Accessories,South,4,921,3684,688.34
1229,2024-02-28,Pen,Stationery,North,2,35,70,12.6
1687,2024-02-28,Laptop,Electronics,South,1,84201,84201,16547.64
1786,2024-02-28,Notebook,Stationery,North,3,179,537,111.23
1260,2024-02-28,Notebook,Stationery,North,5,136,680,135.03
2494,2024-03-01,Watch,Accessories,South,1,11494,11494,1087.79
1516,2024-03-01,Watch,Accessories,South,3,9721,29163,3027.24
2113,2024-03-02,Backpack,Accessories,West,3,2244,6732,1455.19
1027,2024-03-02,Notebook,Stationery,North,4,163,652,141.24
1091,2024-03-02,Headphones,Electronics,West,5,1228,6140,1425.95
1628,2024-03-02,Table,Furniture,South,2,9353,18706,2069.86
1154,2024-03-02,Notebook,Stationery,South,3,108,324,57.4
1536,2024-03-02,Laptop,Electronics,East,1,88470,88470,18044.3
1540,2024-03-03,Sofa,Furniture,West,2,25434,50868,7269.49
2191,2024-03-03,Notebook,Stationery,East,4,134,536,87.46
1186,2024-03-03,Headphones,Electronics,North,3,2125,6375,1510.26
2134,2024-03-03,TV,Electronics,West,5,15067,75335,11095.5
1066,2024-03-03,Table,Furniture,South,1,10509,10509,907.44
1720,2024-03-03,Table,Furniture,West,1,14961,14961,1708.35
1799,2024-03-04,Pen,Stationery,South,3,38,114,19.82
2270,2024-03-04,Headphones,Electronics,East,2,2393,4786,443.87
1960,2024-03-05,TV,Electronics,West,3,27615,82845,8538.59
1676,2024-03-05,Laptop,Electronics,East,4,44689,178756,38192.11
1700,2024-03-05,TV,Electronics,South,2,29296,58592,10785.84
1510,2024-03-05,Bookshelf,Furniture,North,4,2342,9368,2199.75
2090,2024-03-05,Table,Furniture,North,3,6440,19320,2951.83
1491,2024-03-06,TV,Electronics,West,4,25487,101948,19969.96
1933,2024-03-06,Laptop,Electronics,East,4,50995,203980,22374.57
1856,2024-03-06,TV,Electronics,South,1,43820,43820,9935.44
1314,2024-03-06,TV,Electronics,North,1,58006,58006,12267.71
2256,2024-03-06,Table,Furniture,North,4,13686,54744,7383.74
1995,2024-03-07,Bookshelf,Furniture,West,2,6086,12172,1274.48
1650,2024-03-08,Chair,Furniture,West,3,6246,18738,2860.83
1780,2024-03-08,TV,Electronics,East,2,51289,102578,10620.31
1623,2024-03-08,Watch,Accessories,East,1,9482,9482,1314.99
1470,2024-03-08,Headphones,Electronics,South,5,3291,16455,3161.61
2206,2024-03-08,Backpack,Accessories,South,5,2229,11145,905.13
1146,2024-03-08,Pen,Stationery,East,4,27,108,18.5
2407,2024-03-09,Headphones,Electronics,West,1,1345,1345,154.41
2315,2024-03-09,Pen,Stationery,North,1,58,58,9.31
2373,2024-03-09,Bookshelf,Furniture,West,1,3781,3781,387.63
1449,2024-03-09,Chair,Furniture,West,5,3596,17980,2838.89
2275,2024-03-09,Notebook,Stationery,South,4,191,764,162.98
1456,2024-03-10,Watch,Accessories,North,3,6147,18441,1671.7
1366,2024-03-10,Notebook,Stationery,East,1,42,42,9.3
1859,2024-03-10,Laptop,Electronics,East,4,75047,300188,61421.47
2186,2024-03-11,Bookshelf,Furniture,North,5,3223,16115,3835.35
1437,2024-03-11,Headphones,Electronics,North,5,4086,20430,3648.74
1904,2024-03-12,Sofa,Furniture,East,4,28286,113144,17247.74
1818,2024-03-12,Notebook,Stationery,North,3,189,567,58.97
2346,2024-03-12,Watch,Accessories,South,5,2582,12910,1582.22
1837,2024-03-12,Backpack,Accessories,South,1,1791,1791,329.24
1538,2024-03-13,Chair,Furniture,South,4,5205,20820,2466.49
1222,2024-03-13,Notebook,Stationery,West,1,46,46,7.55
1674,2024-03-13,Table,Furniture,South,4,4363,17452,1862.92
2287,2024-03-13,Notebook,Stationery,East,5,120,600,50.71
2098,2024-03-14,Backpack,Accessories,North,4,1034,4136,756.92
1267,2024-03-14,Notebook,Stationery,West,4,92,368,69.02
1768,2024-03-14,Sofa,Furniture,North,4,35550,142200,22532.86
2187,2024-03-14,Backpack,Accessories,North,5,1154,5770,853.1
1564,2024-03-15,Laptop,Electronics,South,3,48527,145581,24299.92
1126,2024-03-15,TV,Electronics,East,4,30781,123124,30372.06
2319,2024-03-15,TV,Electronics,East,2,46345,92690,9108.33
1047,2024-03-15,Laptop,Electronics,West,4,40539,162156,28979.99
1153,2024-03-15,Headphones,Electronics,East,1,1145,1145,187.12
1212,2024-03-16,Sofa,Furniture,North,5,18041,90205,11259.95
1289,2024-03-16,Notebook,Stationery,South,4,189,756,150.76
1514,2024-03-16,TV,Electronics,South,2,15193,30386,4873.69
1337,2024-03-16,Pen,Stationery,East,5,24,120,17.36
1487,2024-03-16,Watch,Accessories,South,5,9977,49885,4948.61
2127,2024-03-16,Laptop,Electronics,West,3,62454,187362,28802.79
1651,2024-03-16,Pen,Stationery,East,5,28,140,19.6
1714,2024-03-17,Bookshelf,Furniture,South,2,4434,8868,1483.74
2489,2024-03-17,Chair,Furniture,North,4,4487,17948,3984.3
1773,2024-03-17,Table,Furniture,South,1,5378,5378,957.5
1678,2024-03-18,Pen,Stationery,North,2,23,46,7.1
1141,2024-03-18,Bookshelf,Furniture,South,2,2364,4728,407.72
1194,2024-03-18,TV,Electronics,East,4,43865,175460,28386.79
1969,2024-03-19,Bookshelf,Furniture,North,2,2946,5892,1086.35
2138,2024-03-19,Sofa,Furniture,North,4,25613,102452,21052.72
2107,2024-03-19,TV,Electronics,East,2,50228,100456,15726.19
1387,2024-03-19,Headphones,Electronics,North,4,4723,18892,2512.8
2465,2024-03-19,Notebook,Stationery,East,4,199,796,168.54
2084,2024-03-19,Mobile,Electronics,East,3,19445,58335,4981.39
2486,2024-03-20,Laptop,Electronics,West,3,40409,121227,20177.2
2285,2024-03-20,Headphones,Electronics,West,5,3433,17165,1539.54
1671,2024-03-21,Notebook,Stationery,East,2,117,234,46.45
1257,2024-03-21,Mobile,Electronics,West,5,17516,87580,20503.12
2152,2024-03-21,Pen,Stationery,South,5,15,75,14.5
1335,2024-03-22,Notebook,Stationery,East,5,112,560,122.66
2109,2024-03-22,Backpack,Accessories,East,1,1116,1116,195.88
2046,2024-03-22,Backpack,Accessories,South,5,1715,8575,1024.53
1647,2024-03-22,Headphones,Electronics,North,1,2661,2661,299.55
2051,2024-03-23,Pen,Stationery,North,5,72,360,81.35
1684,2024-03-23,TV,Electronics,South,4,52327,209308,23395.5
1725,2024-03-24,TV,Electronics,East,1,27356,27356,3629.24
1453,2024-03-24,Bookshelf,Furniture,North,5,6643,33215,3046.57
1296,2024-03-24,Backpack,Accessories,East,3,2554,7662,1778.49
1191,2024-03-24,Notebook,Stationery,North,4,177,708,121.04
1697,2024-03-24,TV,Electronics,East,5,31193,155965,12877.85
1626,2024-03-24,Headphones,Electronics,North,1,2795,2795,678.76
2309,2024-03-25,Laptop,Electronics,West,3,64883,194649,43116.01
2457,2024-03-25,Chair,Furniture,West,3,7509,22527,2209.04
2018,2024-03-25,Notebook,Stationery,North,3,94,282,54.64
1982,2024-03-26,TV,Electronics,North,5,27177,135885,11113.21
1173,2024-03-26,Mobile,Electronics,South,4,31710,126840,20001.4
1464,2024-03-26,Sofa,Furniture,North,5,39264,196320,23295.26
1408,2024-03-27,Chair,Furniture,West,1,6440,6440,1332.15
1299,2024-03-27,Watch,Accessories,North,5,2360,11800,2179.18
2219,2024-03-27,Notebook,Stationery,North,3,95,285,68.75
2021,2024-03-28,TV,Electronics,East,3,44351,133053,18670.19
2035,2024-03-28,Headphones,Electronics,North,4,978,3912,744.82
1796,2024-03-28,Notebook,Stationery,East,2,66,132,26.07
1424,2024-03-28,Watch,Accessories,North,3,11317,33951,7092.07
1963,2024-03-28,Notebook,Stationery,North,5,118,590,117.62
1167,2024-03-29,Pen,Stationery,North,3,27,81,15.07
1333,2024-03-29,Notebook,Stationery,North,1,106,106,10.45
1811,2024-03-29,Mobile,Electronics,East,2,16080,32160,4288.82
1682,2024-03-29,Headphones,Electronics,East,4,951,3804,491.89
1086,2024-03-30,Mobile,Electronics,East,4,28358,113432,22435.87
1865,2024-03-30,Backpack,Accessories,West,5,2482,12410,1512.3
1791,2024-03-30,Mobile,Electronics,North,2,33520,67040,15863.16
1157,2024-03-30,Table,Furniture,North,3,4917,14751,3517.26
2452,2024-03-30,Bookshelf,Furniture,North,2,4280,8560,2059.99
1871,2024-03-30,Laptop,Electronics,South,5,48136,240680,53660.68
1860,2024-03-31,Mobile,Electronics,North,3,21026,63078,9451.97
1715,2024-03-31,Bookshelf,Furniture,East,2,2493,4986,761.23
2258,2024-03-31,Table,Furniture,South,4,5689,22756,2261.36
1135,2024-04-01,Pen,Stationery,North,5,31,155,26.86
1338,2024-04-02,Notebook,Stationery,North,1,78,78,12.13
2454,2024-04-02,Mobile,Electronics,West,3,34555,103665,19433.13
1804,2024-04-02,Bookshelf,Furniture,West,4,2649,10596,1487.72
1832,2024-04-03,Chair,Furniture,West,1,7186,7186,1198.62
1919,2024-04-04,Chair,Furniture,West,3,7453,22359,3351.67
1287,2024-04-04,Table,Furniture,West,5,9154,45770,9552.2
1057,2024-04-04,TV,Electronics,West,5,15190,75950,11048.19
1672,2024-04-05,Sofa,Furniture,East,1,33749,33749,3400.05
1889,2024-04-05,Notebook,Stationery,North,3,35,105,18.39
2340,2024-04-06,Sofa,Furniture,East,4,38185,152740,21351.89
1200,2024-04-06,Watch,Accessories,East,3,8770,26310,6410.44
1686,2024-04-06,Chair,Furniture,North,5,7543,37715,3455.45
2106,2024-04-06,Sofa,Furniture,South,5,17798,88990,12302.02
1694,2024-04-07,Notebook,Stationery,East,4,31,124,21.51
2336,2024-04-07,Notebook,Stationery,East,3,102,306,68.78
1800,2024-04-07,Mobile,Electronics,East,2,43179,86358,10275.93
1334,2024-04-07,Table,Furniture,South,3,4667,14001,3042.89
1392,2024-04-08,Chair,Furniture,North,3,2679,8037,885.84
1274,2024-04-08,Notebook,Stationery,East,5,44,220,43.54
2037,2024-04-08,Notebook,Stationery,West,5,98,490,86.23
1469,2024-04-08,TV,Electronics,East,5,25800,129000,13932.01
2140,2024-04-09,TV,Electronics,South,5,26819,134095,22483.04
2399,2024-04-09,Sofa,Furniture,East,3,26779,80337,11561.71
1079,2024-04-09,Mobile,Electronics,West,3,31289,93867,15538.1
2464,2024-04-09,Pen,Stationery,East,4,53,212,47.83
1602,2024-04-09,Sofa,Furniture,North,2,28156,56312,8283.77
2049,2024-04-09,Sofa,Furniture,South,1,36928,36928,8624.61
2190,2024-04-10,TV,Electronics,North,2,57292,114584,23598.32
1148,2024-04-10,Table,Furniture,West,2,8401,16802,2042.12
1559,2024-04-10,Headphones,Electronics,South,3,4230,12690,2977.17
1034,2024-04-10,Laptop,Electronics,West,3,62728,188184,34555.46
2408,2024-04-10,Chair,Furniture,South,1,7277,7277,1151.2
1225,2024-04-10,Watch,Accessories,East,1,4890,4890,504.94
1364,2024-04-11,Pen,Stationery,West,5,48,240,22.44
1723,2024-04-11,Table,Furniture,North,5,8103,40515,3726.72
2490,2024-04-11,Bookshelf,Furniture,North,2,8372,16744,2001.62
1288,2024-04-11,Notebook,Stationery,West,3,40,120,11.74
1670,2024-04-11,Laptop,Electronics,North,1,73078,73078,7984.15
1339,2024-04-11,Pen,Stationery,East,2,81,162,33.87
2273,2024-04-12,Laptop,Electronics,North,4,74978,299912,26029.71
2391,2024-04-12,Laptop,Electronics,East,5,39864,199320,22891.2
2492,2024-04-12,TV,Electronics,South,5,30722,153610,13890.72
2300,2024-04-12,Notebook,Stationery,South,3,88,264,32.74
1526,2024-04-12,Watch,Accessories,South,1,5415,5415,1019.04
1661,2024-04-12,Table,Furniture,North,4,14580,58320,6950.04
2466,2024-04-12,Mobile,Electronics,East,2,24607,49214,11361.79
1001,2024-04-12,Headphones,Electronics,North,5,4272,21360,2275.33
1232,2024-04-12,Laptop,Electronics,South,3,44374,133122,23338.3
1842,2024-04-13,TV,Electronics,East,3,52531,157593,28989.05
1223,2024-04-13,Pen,Stationery,North,3,48,144,31.57
1734,2024-04-13,Chair,Furniture,South,4,1984,7936,1329.59
2472,2024-04-13,Laptop,Electronics,East,4,44850,179400,40003.75
2334,2024-04-13,Headphones,Electronics,South,5,4873,24365,2928.69
1179,2024-04-13,Watch,Accessories,East,4,4331,17324,3050.28
1846,2024-04-14,Headphones,Electronics,East,3,3247,9741,1295.74
1252,2024-04-14,Bookshelf,Furniture,East,4,4682,18728,3015.86
2295,2024-04-14,TV,Electronics,South,3,38350,115050,13462.45
2394,2024-04-15,Laptop,Electronics,South,4,49567,198268,18623.22
1129,2024-04-15,TV,Electronics,North,4,52660,210640,33299.86
1890,2024-04-15,Backpack,Accessories,East,4,1924,7696,1040.03
1348,2024-04-15,Headphones,Electronics,South,2,2181,4362,551.12
2341,2024-04-15,Watch,Accessories,North,2,8656,17312,3143.82
1810,2024-04-15,Chair,Furniture,West,1,1725,1725,193.93
1344,2024-04-16,Sofa,Furniture,West,5,36414,182070,42361.35
1716,2024-04-16,Notebook,Stationery,East,4,142,568,81.02
2250,2024-04-16,Sofa,Furniture,East,4,18418,73672,11483.66
1636,2024-04-16,Backpack,Accessories,North,2,2997,5994,1251.2
1925,2024-04-17,TV,Electronics,South,2,35426,70852,13784.44
2099,2024-04-17,Mobile,Electronics,South,4,17196,68784,14325.73
2180,2024-04-17,Pen,Stationery,North,5,46,230,36.01
2247,2024-04-17,Notebook,Stationery,West,5,97,485,68.46
2238,2024-04-17,Pen,Stationery,North,1,77,77,15.53
1635,2024-04-17,TV,Electronics,North,5,18642,93210,22410.41
1888,2024-04-17,Headphones,Electronics,North,2,3466,6932,1549.41
1409,2024-04-18,TV,Electronics,West,1,39034,39034,9469.85
2023,2024-04-18,Notebook,Stationery,East,2,50,100,16.72
1525,2024-04-18,Watch,Accessories,North,1,4111,4111,904.6
1183,2024-04-19,Headphones,Electronics,South,1,3530,3530,481.72
2000,2024-04-19,Bookshelf,Furniture,West,1,5440,5440,1301.67
2166,2024-04-19,Bookshelf,Furniture,West,4,5964,23856,2846.76
2272,2024-04-20,Mobile,Electronics,East,3,22016,66048,11337.96
1951,2024-04-20,Laptop,Electronics,North,5,64377,321885,72786.11
1789,2024-04-21,Laptop,Electronics,East,3,42226,126678,19902.18
1048,2024-04-21,Notebook,Stationery,East,5,182,910,116.72
1467,2024-04-21,Notebook,Stationery,South,2,103,206,46.67
2073,2024-04-22,Backpack,Accessories,North,2,1347,2694,236.62
1265,2024-04-22,Notebook,Stationery,North,2,133,266,49.95
2473,2024-04-22,Table,Furniture,South,1,9166,9166,1857.11
1403,2024-04-22,Notebook,Stationery,West,1,46,46,11.05
1999,2024-04-22,Chair,Furniture,West,2,7644,15288,3681.58
1218,2024-04-22,Backpack,Accessories,East,2,1750,3500,516.01
1546,2024-04-22,Mobile,Electronics,North,3,15069,45207,7704.41
1443,2024-04-22,Backpack,Accessories,West,3,1826,5478,1121.43
2442,2024-04-22,Chair,Furniture,South,2,6816,13632,2678.02
1087,2024-04-23,Backpack,Accessories,North,5,1228,6140,1501.16
1719,2024-04-23,Watch,Accessories,East,4,6468,25872,3914.34
2335,2024-04-23,Backpack,Accessories,East,4,2928,11712,2175.35
1329,2024-04-23,Mobile,Electronics,North,1,32089,32089,2732.89
1478,2024-04-23,Backpack,Accessories,West,1,2767,2767,237.06
2443,2024-04-24,Notebook,Stationery,North,4,94,376,53.05
2299,2024-04-24,Headphones,Electronics,East,3,2941,8823,1144.19
1898,2024-04-25,Mobile,Electronics,South,3,18338,55014,4622.84
1833,2024-04-25,Notebook,Stationery,West,5,137,685,60.65
1794,2024-04-25,Sofa,Furniture,West,3,35517,106551,12350.26
1964,2024-04-25,Table,Furniture,West,1,12290,12290,2395.79
1395,2024-04-25,TV,Electronics,East,4,45874,183496,29703.95
2467,2024-04-25,TV,Electronics,South,1,41853,41853,4464.6
2193,2024-04-25,Chair,Furniture,South,1,4293,4293,466.06
1471,2024-04-25,Watch,Accessories,South,1,8348,8348,1462.83
1857,2024-04-25,Table,Furniture,North,5,9589,47945,8167.3
1307,2024-04-26,Mobile,Electronics,West,2,20003,40006,7265.61
1441,2024-04-26,Headphones,Electronics,West,5,2566,12830,1348.01
1341,2024-04-26,Pen,Stationery,North,5,21,105,15.52
1645,2024-04-26,TV,Electronics,East,3,18696,56088,7114.38
1494,2024-04-26,Chair,Furniture,South,4,7615,30460,3642.09
1285,2024-04-26,Mobile,Electronics,West,3,24967,74901,18525.99
2129,2024-04-27,Sofa,Furniture,South,4,28733,114932,24924.91
1123,2024-04-27,TV,Electronics,East,4,47049,188196,41174.57
2220,2024-04-27,Pen,Stationery,South,4,68,272,58.21
2131,2024-04-27,Pen,Stationery,West,4,38,152,28.16
1731,2024-04-27,Chair,Furniture,South,1,1586,1586,219.84
2500,2024-04-27,Chair,Furniture,East,4,2165,8660,1358.75
2446,2024-04-27,Headphones,Electronics,East,2,2600,5200,499.45
1541,2024-04-27,Headphones,Electronics,West,2,4500,9000,975.3
1316,2024-04-27,Pen,Stationery,North,4,19,76,16.79
1444,2024-04-27,Laptop,Electronics,North,4,80253,321012,52757.77
1748,2024-04-27,Notebook,Stationery,East,3,186,558,122.48
1415,2024-04-28,Mobile,Electronics,South,4,42964,171856,22303.43
1301,2024-04-28,Chair,Furniture,East,3,3835,11505,1236.61
2460,2024-04-28,Mobile,Electronics,South,1,40125,40125,8170.88
1251,2024-04-29,Notebook,Stationery,North,5,97,485,46.34
2385,2024-04-29,Chair,Furniture,South,1,2095,2095,205.64
1819,2024-04-29,Watch,Accessories,North,3,10749,32247,3778.72
1502,2024-04-30,Watch,Accessories,East,4,3790,15160,1502.94
2151,2024-04-30,Headphones,Electronics,South,3,2744,8232,1949.69
1030,2024-04-30,Headphones,Electronics,North,3,1782,5346,807.03
1736,2024-05-01,Pen,Stationery,East,2,45,90,15.14
1965,2024-05-01,Backpack,Accessories,West,1,1961,1961,240.52
1879,2024-05-01,Watch,Accessories,West,1,7324,7324,1705.57
2045,2024-05-01,Sofa,Furniture,West,3,11129,33387,4442.88
1420,2024-05-01,Sofa,Furniture,East,4,20736,82944,19592.83
1255,2024-05-03,Table,Furniture,West,5,8370,41850,3695.07
1070,2024-05-03,Pen,Stationery,South,1,28,28,4.14
1885,2024-05-04,Notebook,Stationery,West,2,59,118,15.76
2101,2024-05-04,Laptop,Electronics,North,1,45891,45891,8707.4
1309,2024-05-04,Watch,Accessories,East,5,1329,6645,1359.76
1468,2024-05-04,Sofa,Furniture,South,4,39259,157036,22065.99
1805,2024-05-04,Headphones,Electronics,North,4,4365,17460,1832.89
1916,2024-05-05,Backpack,Accessories,North,2,777,1554,133.55
2030,2024-05-05,Backpack,Accessories,South,2,844,1688,314.95
1544,2024-05-05,Backpack,Accessories,North,5,2329,11645,1982.96
1036,2024-05-05,Mobile,Electronics,North,4,34309,137236,12865.2
1145,2024-05-05,Watch,Accessories,North,5,7088,35440,6411.48
2495,2024-05-06,Laptop,Electronics,East,2,55229,110458,22799.9
1825,2024-05-06,Pen,Stationery,South,4,58,232,33.41
1742,2024-05-07,Bookshelf,Furniture,South,5,8160,40800,5981.94
2208,2024-05-07,TV,Electronics,North,5,32264,161320,33909.08
1677,2024-05-07,Headphones,Electronics,South,3,868,2604,554.57
2487,2024-05-07,Mobile,Electronics,East,1,18766,18766,1997.97
1767,2024-05-08,Watch,Accessories,North,4,1722,6888,1515.64
1722,2024-05-08,Sofa,Furniture,East,2,23261,46522,6954.67
1175,2024-05-09,Backpack,Accessories,East,4,2455,9820,1981.19
1383,2024-05-09,TV,Electronics,South,4,22373,89492,15877.41
2327,2024-05-09,Table,Furniture,North,4,11363,45452,9713.36
1160,2024-05-09,Headphones,Electronics,North,5,1842,9210,741.04
2042,2024-05-09,Table,Furniture,West,5,3571,17855,4265.07
1035,2024-05-09,Watch,Accessories,South,5,1654,8270,1146.74
1920,2024-05-09,Mobile,Electronics,West,1,32535,32535,5372.21
1404,2024-05-09,Watch,Accessories,West,1,6972,6972,1554.39
2114,2024-05-09,Headphones,Electronics,South,1,2560,2560,502.42
1461,2024-05-10,Sofa,Furniture,South,1,34484,34484,5478.42
1022,2024-05-10,Laptop,Electronics,North,3,68270,204810,34585.15
2351,2024-05-10,Pen,Stationery,West,1,68,68,13.7
2302,2024-05-11,Headphones,Electronics,South,4,1175,4700,792.19
2422,2024-05-11,Pen,Stationery,South,4,34,136,10.97
1349,2024-05-11,Pen,Stationery,North,4,84,336,37.24
2074,2024-05-11,Chair,Furniture,East,1,3005,3005,749.07
1653,2024-05-11,Sofa,Furniture,South,2,18275,36550,4195.78
1979,2024-05-11,Table,Furniture,East,4,8185,32740,7716.29
1855,2024-05-11,Sofa,Furniture,West,1,12230,12230,1893.32
1434,2024-05-11,Headphones,Electronics,West,3,2429,7287,753.69
1136,2024-05-12,Notebook,Stationery,West,2,119,238,24.25
1177,2024-05-13,Bookshelf,Furniture,East,2,2814,5628,1356.56
2026,2024-05-13,Backpack,Accessories,North,5,1401,7005,939.91
1496,2024-05-13,Backpack,Accessories,East,3,2954,8862,876.17
1613,2024-05-13,Sofa,Furniture,West,1,27908,27908,5900.7
1051,2024-05-14,TV,Electronics,North,1,19735,19735,3399.0
2289,2024-05-14,Pen,Stationery,West,2,36,72,7.35
1017,2024-05-15,Bookshelf,Furniture,East,3,7258,21774,4358.41
2418,2024-05-15,Pen,Stationery,South,4,62,248,34.63
2390,2024-05-16,Watch,Accessories,North,3,5724,17172,2802.08
1446,2024-05-16,Pen,Stationery,West,1,78,78,13.74
1957,2024-05-16,Headphones,Electronics,West,3,4806,14418,2588.75
2436,2024-05-16,Bookshelf,Furniture,East,5,3777,18885,4697.57
1639,2024-05-16,Chair,Furniture,South,5,5119,25595,3687.92
1592,2024-05-16,Backpack,Accessories,South,4,927,3708,793.95
1163,2024-05-16,Mobile,Electronics,West,3,16162,48486,11515.25
2005,2024-05-16,Bookshelf,Furniture,West,4,6563,26252,3596.87
1861,2024-05-17,Notebook,Stationery,West,5,90,450,43.55
1447,2024-05-17,Mobile,Electronics,East,5,36272,181360,36018.82
2262,2024-05-17,Pen,Stationery,East,4,57,228,49.05
1713,2024-05-17,Mobile,Electronics,South,4,12370,49480,11803.99
1704,2024-05-17,Headphones,Electronics,North,2,2593,5186,1066.76
2481,2024-05-17,Sofa,Furniture,South,1,29254,29254,4273.27
1490,2024-05-18,Backpack,Accessories,East,4,788,3152,648.3
1841,2024-05-18,Bookshelf,Furniture,North,3,5220,15660,2034.89
2353,2024-05-18,Notebook,Stationery,South,3,158,474,38.31
1555,2024-05-18,Sofa,Furniture,West,1,19714,19714,3522.49
2496,2024-05-18,Laptop,Electronics,North,5,81412,407060,73092.2
2438,2024-05-18,Bookshelf,Furniture,East,3,6330,18990,4030.52
1243,2024-05-19,Backpack,Accessories,South,5,2328,11640,1443.67
1836,2024-05-19,Laptop,Electronics,North,1,58501,58501,10729.92
2153,2024-05-19,Notebook,Stationery,South,2,37,74,10.13
2313,2024-05-19,Sofa,Furniture,South,4,34310,137240,18220.4
1637,2024-05-20,Pen,Stationery,West,3,74,222,42.92
1237,2024-05-20,Mobile,Electronics,West,3,21919,65757,6043.4
2458,2024-05-20,Watch,Accessories,East,3,6776,20328,2478.63
2485,2024-05-20,Sofa,Furniture,East,5,16121,80605,7165.51
1353,2024-05-20,Sofa,Furniture,South,5,33669,168345,38772.4
2041,2024-05-20,Watch,Accessories,North,1,8475,8475,1772.98
1331,2024-05-21,Chair,Furniture,West,1,6688,6688,656.23
1460,2024-05-21,Notebook,Stationery,North,5,87,435,53.77
1942,2024-05-21,Sofa,Furniture,South,4,15919,63676,15099.06
1241,2024-05-21,Bookshelf,Furniture,South,4,4033,16132,3252.92
1518,2024-05-21,TV,Electronics,West,1,45519,45519,7638.88
1064,2024-05-21,Watch,Accessories,East,4,7414,29656,5290.84
2144,2024-05-22,TV,Electronics,South,5,15534,77670,13282.28
2317,2024-05-22,Table,Furniture,West,5,3681,18405,3601.77
1379,2024-05-22,Table,Furniture,West,2,11435,22870,3778.03
1293,2024-05-22,Mobile,Electronics,South,4,17078,68312,6679.31
1530,2024-05-22,Notebook,Stationery,East,5,31,155,30.28
1746,2024-05-23,Notebook,Stationery,South,1,185,185,31.65
2182,2024-05-23,Headphones,Electronics,West,1,4952,4952,469.15
1250,2024-05-24,Bookshelf,Furniture,East,3,6255,18765,2217.18
1100,2024-05-24,Sofa,Furniture,North,4,11324,45296,6320.47
2149,2024-05-24,TV,Electronics,South,3,26998,80994,13119.94
2158,2024-05-24,TV,Electronics,South,3,24111,72333,6836.81
2038,2024-05-25,Mobile,Electronics,North,4,43340,173360,43250.1
1362,2024-05-25,TV,Electronics,South,5,47117,235585,47586.2
1876,2024-05-25,Headphones,Electronics,North,5,1985,9925,1171.91
2316,2024-05-25,Notebook,Stationery,South,5,58,290,31.21
1300,2024-05-26,Sofa,Furniture,South,5,29811,149055,16539.15
1843,2024-05-26,Bookshelf,Furniture,South,2,3051,6102,1130.91
1939,2024-05-27,Mobile,Electronics,South,5,16386,81930,10342.21
2008,2024-05-27,Table,Furniture,South,2,11558,23116,4511.85
1246,2024-05-27,Table,Furniture,North,2,6564,13128,1155.01
2132,2024-05-27,Sofa,Furniture,North,3,19549,58647,5816.81
1543,2024-05-27,TV,Electronics,North,2,55379,110758,20852.78
1783,2024-05-28,Watch,Accessories,South,2,6032,12064,2431.7
1604,2024-05-28,Watch,Accessories,West,1,2261,2261,523.05
1508,2024-05-28,Chair,Furniture,West,5,2799,13995,2544.66
2120,2024-05-28,Mobile,Electronics,East,2,25308,50616,8649.01
2406,2024-05-28,Watch,Accessories,West,2,6923,13846,2825.79
1735,2024-05-29,Table,Furniture,North,3,11912,35736,7308.38
2347,2024-05-29,Table,Furniture,South,4,4561,18244,3418.24
1892,2024-05-29,Sofa,Furniture,East,3,27356,82068,17450.3
1500,2024-05-29,Notebook,Stationery,East,3,139,417,91.92
1190,2024-05-29,Pen,Stationery,West,1,94,94,10.37
1326,2024-05-30,Headphones,Electronics,West,2,2469,4938,1010.28
2203,2024-05-30,Watch,Accessories,West,5,964,4820,623.94
1219,2024-05-31,Table,Furniture,South,1,9212,9212,1159.65
1738,2024-05-31,Bookshelf,Furniture,East,1,7628,7628,1149.4
1003,2024-05-31,TV,Electronics,South,4,15769,63076,15110.11
2028,2024-05-31,TV,Electronics,South,4,57224,228896,34163.22
1781,2024-06-01,Headphones,Electronics,West,3,2758,8274,1968.83
2291,2024-06-01,Table,Furniture,North,5,3066,15330,2066.41
1292,2024-06-02,Table,Furniture,East,2,13433,26866,5298.22
2344,2024-06-02,Laptop,Electronics,North,2,78429,156858,36994.73
1563,2024-06-02,Watch,Accessories,West,2,7763,15526,2539.14
1378,2024-06-02,Headphones,Electronics,South,3,4906,14718,3144.75
2434,2024-06-03,Laptop,Electronics,East,1,58027,58027,9026.39
2052,2024-06-03,Pen,Stationery,South,1,45,45,10.58
1642,2024-06-03,Notebook,Stationery,North,5,137,685,54.85
2143,2024-06-03,Chair,Furniture,East,3,2315,6945,1358.9
2281,2024-06-03,Table,Furniture,South,1,11186,11186,2562.83
1533,2024-06-03,Chair,Furniture,South,3,3128,9384,1602.55
1640,2024-06-04,Pen,Stationery,East,5,52,260,30.62
1611,2024-06-04,Laptop,Electronics,West,2,46867,93734,21156.89
1618,2024-06-05,Mobile,Electronics,South,5,39131,195655,40513.41
1507,2024-06-06,Watch,Accessories,East,2,1578,3156,560.09
2093,2024-06-06,Mobile,Electronics,East,1,12368,12368,2764.66
2412,2024-06-06,Laptop,Electronics,West,3,79013,237039,22582.65
1625,2024-06-07,Notebook,Stationery,South,1,55,55,13.1
1439,2024-06-07,Watch,Accessories,West,1,11954,11954,2249.78
1934,2024-06-07,Notebook,Stationery,South,4,58,232,41.91
1918,2024-06-07,TV,Electronics,North,5,25068,125340,23619.49
1350,2024-06-07,Sofa,Furniture,East,1,28743,28743,5071.5
1045,2024-06-08,Backpack,Accessories,East,1,2556,2556,356.22
1644,2024-06-08,Notebook,Stationery,North,1,100,100,18.8
1081,2024-06-08,Backpack,Accessories,West,4,2187,8748,1277.11
2477,2024-06-08,Pen,Stationery,East,3,79,237,41.0
1733,2024-06-08,Headphones,Electronics,East,5,2147,10735,1160.44
1106,2024-06-08,Chair,Furniture,West,5,4433,22165,5514.74
1134,2024-06-08,Mobile,Electronics,North,3,19314,57942,12730.11
1389,2024-06-08,Backpack,Accessories,South,3,1583,4749,691.92
1616,2024-06-08,Backpack,Accessories,West,1,724,724,93.75
1360,2024-06-08,Backpack,Accessories,South,5,1468,7340,1328.99
2365,2024-06-09,Sofa,Furniture,South,3,15796,47388,11527.72
1058,2024-06-09,TV,Electronics,West,1,41641,41641,6125.29
1463,2024-06-09,Mobile,Electronics,North,2,32259,64518,6135.85
2211,2024-06-09,Bookshelf,Furniture,North,5,2445,12225,2623.96
1359,2024-06-09,Sofa,Furniture,North,5,26336,131680,24905.32
2330,2024-06-10,Chair,Furniture,South,3,4642,13926,3472.56
2416,2024-06-10,Backpack,Accessories,South,3,1245,3735,785.98
1579,2024-06-10,Pen,Stationery,West,4,25,100,10.47
1867,2024-06-10,Sofa,Furniture,East,1,11587,11587,2290.08
1553,2024-06-10,Table,Furniture,North,3,8498,25494,3583.22
1771,2024-06-11,Chair,Furniture,West,2,4691,9382,2000.63
1567,2024-06-11,Notebook,Stationery,West,5,145,725,112.13
1572,2024-06-11,TV,Electronics,South,2,25503,51006,11264.15
1018,2024-06-11,TV,Electronics,North,5,27666,138330,32849.38
1088,2024-06-12,Pen,Stationery,North,3,82,246,61.1
2168,2024-06-12,Laptop,Electronics,East,1,72388,72388,9300.77
1315,2024-06-12,Sofa,Furniture,East,3,16430,49290,11348.07
1385,2024-06-12,Laptop,Electronics,South,5,66055,330275,44250.36
1845,2024-06-12,Pen,Stationery,North,2,61,122,24.61
1201,2024-06-13,Table,Furniture,North,2,8005,16010,1316.19
1031,2024-06-13,Laptop,Electronics,East,4,48545,194180,23593.13
1806,2024-06-14,Bookshelf,Furniture,East,2,8933,17866,3948.09
2261,2024-06-14,Table,Furniture,North,3,10645,31935,4143.61
1695,2024-06-14,Table,Furniture,South,3,14558,43674,4055.1
2156,2024-06-15,Headphones,Electronics,West,1,4730,4730,642.05
1990,2024-06-15,Watch,Accessories,West,3,9211,27633,5149.7
1673,2024-06-15,Notebook,Stationery,North,3,191,573,50.9
2230,2024-06-15,Laptop,Electronics,North,4,64777,259108,40555.24
2015,2024-06-16,Table,Furniture,North,4,4366,17464,4355.69
1680,2024-06-16,TV,Electronics,North,5,33624,168120,33983.3
1050,2024-06-17,Headphones,Electronics,North,5,4993,24965,2756.13
2307,2024-06-17,Mobile,Electronics,South,5,42881,214405,25109.3
2108,2024-06-17,Sofa,Furniture,East,2,20754,41508,7733.92
2339,2024-06-18,Sofa,Furniture,West,1,30648,30648,4758.35
2112,2024-06-18,TV,Electronics,West,1,31075,31075,5265.16
1355,2024-06-18,Bookshelf,Furniture,West,1,6815,6815,819.63
1261,2024-06-18,Headphones,Electronics,East,4,4238,16952,1813.23
2480,2024-06-19,Sofa,Furniture,West,1,31168,31168,5692.67
2080,2024-06-19,Backpack,Accessories,West,4,2708,10832,1298.38
1055,2024-06-20,Watch,Accessories,South,5,11516,57580,13254.57
1986,2024-06-20,Table,Furniture,South,3,5306,15918,2516.42
1155,2024-06-21,Watch,Accessories,North,2,7269,14538,1963.0
1954,2024-06-21,Backpack,Accessories,North,4,2432,9728,2047.5
1887,2024-06-21,Sofa,Furniture,North,2,20589,41178,4954.31
1399,2024-06-21,Headphones,Electronics,North,1,3542,3542,613.31
1752,2024-06-21,Mobile,Electronics,South,5,14476,72380,17962.33
2054,2024-06-22,Bookshelf,Furniture,East,3,5454,16362,2160.24
2195,2024-06-22,Pen,Stationery,South,2,48,96,17.44
1511,2024-06-22,Notebook,Stationery,East,4,55,220,34.18
2478,2024-06-23,Mobile,Electronics,West,2,28802,57604,8131.62
1319,2024-06-23,Chair,Furniture,West,1,3712,3712,829.67
1328,2024-06-23,Mobile,Electronics,North,3,23577,70731,13874.04
2243,2024-06-24,Laptop,Electronics,East,2,44484,88968,9017.74
1545,2024-06-24,Headphones,Electronics,West,1,3775,3775,369.55
1231,2024-06-24,Bookshelf,Furniture,South,5,2826,14130,2269.51
2116,2024-06-24,Backpack,Accessories,North,5,540,2700,466.38
1092,2024-06-25,Headphones,Electronics,West,1,4671,4671,627.24
1729,2024-06-25,Pen,Stationery,South,1,48,48,6.44
1706,2024-06-26,TV,Electronics,West,5,22674,113370,26695.6
2376,2024-06-26,Watch,Accessories,East,2,7935,15870,3149.37
1996,2024-06-27,Chair,Furniture,East,5,2056,10280,2560.53
2089,2024-06-27,Table,Furniture,West,3,13771,41313,3309.24
1662,2024-06-27,Table,Furniture,East,4,13179,52716,6996.17
1513,2024-06-27,Headphones,Electronics,East,4,1978,7912,773.15
1834,2024-06-28,Laptop,Electronics,North,1,66027,66027,14701.62
2014,2024-06-28,Laptop,Electronics,North,3,49745,149235,15490.27
2162,2024-06-28,Pen,Stationery,West,1,35,35,3.51
1908,2024-06-28,Watch,Accessories,North,3,7740,23220,3769.69
2368,2024-06-28,Chair,Furniture,North,5,6639,33195,3063.11
1913,2024-06-28,Headphones,Electronics,East,1,1431,1431,170.43
2110,2024-06-28,Table,Furniture,East,2,6081,12162,2206.18
1862,2024-06-29,Sofa,Furniture,North,3,24391,73173,18051.53
2252,2024-06-29,Watch,Accessories,North,2,10135,20270,2160.41
1612,2024-06-29,Pen,Stationery,East,1,56,56,5.62
1095,2024-06-29,Pen,Stationery,South,2,48,96,14.89
1658,2024-06-29,Bookshelf,Furniture,West,5,2278,11390,983.95
2265,2024-06-29,Sofa,Furniture,North,5,29091,145455,13497.84
1970,2024-06-29,Table,Furniture,West,1,11697,11697,2805.94
1924,2024-06-29,Pen,Stationery,East,2,11,22,5.0
2126,2024-06-29,TV,Electronics,South,3,26049,78147,13810.33
1324,2024-06-29,Mobile,Electronics,West,2,8125,16250,2192.65
2188,2024-06-30,TV,Electronics,South,4,20515,82060,19378.36
2269,2024-06-30,Pen,Stationery,East,4,48,192,30.5
1785,2024-06-30,Mobile,Electronics,West,5,33515,167575,14955.47
1717,2024-06-30,Chair,Furniture,North,3,3373,10119,1591.1
1689,2024-06-30,Sofa,Furniture,East,3,22502,67506,14412.24
2083,2024-06-30,Laptop,Electronics,North,5,59746,298730,49742.13
2214,2024-06-30,Notebook,Stationery,West,5,34,170,30.36
1442,2024-07-01,Laptop,Electronics,East,2,45720,91440,13088.88
1090,2024-07-01,Sofa,Furniture,North,1,12914,12914,1862.38
1523,2024-07-01,Notebook,Stationery,East,3,170,510,44.69
1782,2024-07-01,Watch,Accessories,North,3,4062,12186,1947.06
2218,2024-07-02,Sofa,Furniture,West,3,32486,97458,12082.93
1174,2024-07-02,Bookshelf,Furniture,North,4,5228,20912,4240.6
1037,2024-07-02,Backpack,Accessories,North,5,1266,6330,1186.82
1133,2024-07-02,Notebook,Stationery,East,3,125,375,62.85
2469,2024-07-02,Notebook,Stationery,West,3,121,363,70.13
1850,2024-07-02,Watch,Accessories,East,5,7415,37075,5781.53
1665,2024-07-03,Backpack,Accessories,East,4,2409,9636,2384.2
1076,2024-07-03,Watch,Accessories,North,4,2941,11764,1291.76
2091,2024-07-03,Sofa,Furniture,West,5,35186,175930,40271.05
2236,2024-07-03,Watch,Accessories,South,4,7076,28304,3189.4
1987,2024-07-04,Laptop,Electronics,West,2,67698,135396,20985.78
1594,2024-07-04,Sofa,Furniture,South,1,11948,11948,2845.17
1638,2024-07-05,Headphones,Electronics,West,5,3301,16505,2720.23
2267,2024-07-05,Table,Furniture,North,4,7566,30264,5561.43
1940,2024-07-05,Chair,Furniture,West,3,4208,12624,2283.54
2062,2024-07-05,Laptop,Electronics,East,5,46695,233475,57624.21
1039,2024-07-05,Table,Furniture,West,4,12986,51944,7033.89
1026,2024-07-05,TV,Electronics,South,2,37299,74598,13885.69
1901,2024-07-05,Pen,Stationery,West,1,15,15,3.21
1660,2024-07-06,Table,Furniture,South,1,4380,4380,1074.95
1298,2024-07-06,Pen,Stationery,South,2,84,168,15.16
1006,2024-07-06,TV,Electronics,West,1,16267,16267,1429.81
2332,2024-07-06,Pen,Stationery,North,4,51,204,30.57
2303,2024-07-06,Bookshelf,Furniture,East,4,7231,28924,3021.33
1973,2024-07-06,Mobile,Electronics,West,4,33488,133952,15471.62
1864,2024-07-06,TV,Electronics,South,4,20898,83592,9857.21
2278,2024-07-07,Chair,Furniture,North,4,4917,19668,1764.34
2130,2024-07-07,Table,Furniture,South,1,12344,12344,1029.54
1569,2024-07-07,Sofa,Furniture,West,5,11137,55685,4743.99
2384,2024-07-07,Table,Furniture,North,3,12746,38238,8963.71
1946,2024-07-08,Sofa,Furniture,West,5,10935,54675,13274.95
1215,2024-07-08,Pen,Stationery,South,2,73,146,15.81
1985,2024-07-08,Chair,Furniture,East,4,6365,25460,2141.15
1664,2024-07-08,Chair,Furniture,North,3,2635,7905,997.17
2404,2024-07-09,Watch,Accessories,West,4,9926,39704,7765.91
2428,2024-07-09,Headphones,Electronics,East,5,783,3915,761.19
1400,2024-07-09,Chair,Furniture,West,5,7387,36935,6020.44
1869,2024-07-09,Pen,Stationery,South,5,51,255,52.7
1840,2024-07-10,TV,Electronics,South,1,53599,53599,6864.76
1112,2024-07-10,Backpack,Accessories,South,1,1724,1724,258.44
1004,2024-07-10,Watch,Accessories,North,4,1984,7936,1460.07
2141,2024-07-10,Headphones,Electronics,South,4,3589,14356,3203.66
2070,2024-07-10,Notebook,Stationery,South,3,43,129,15.8
1270,2024-07-11,Table,Furniture,South,3,14383,43149,9704.66
1649,2024-07-11,Laptop,Electronics,South,5,78361,391805,46323.63
1744,2024-07-11,Laptop,Electronics,South,3,47816,143448,13159.6
1571,2024-07-12,Notebook,Stationery,West,1,64,64,13.75
2234,2024-07-12,Backpack,Accessories,South,4,1673,6692,797.38
2493,2024-07-12,TV,Electronics,West,1,49489,49489,8661.67
1656,2024-07-13,Bookshelf,Furniture,East,5,6135,30675,6243.82
1253,2024-07-13,Notebook,Stationery,South,2,105,210,45.7
1926,2024-07-13,Watch,Accessories,East,3,3337,10011,1812.2
1401,2024-07-14,Mobile,Electronics,West,2,36411,72822,11718.74
1886,2024-07-15,Chair,Furniture,North,4,1922,7688,1195.2
1475,2024-07-15,TV,Electronics,East,4,17551,70204,11862.09
2184,2024-07-15,Mobile,Electronics,South,2,26252,52504,8557.1
1688,2024-07-15,Backpack,Accessories,South,1,951,951,179.83
2223,2024-07-15,Watch,Accessories,West,5,3575,17875,2120.59
1038,2024-07-16,Table,Furniture,East,1,14774,14774,1560.46
1228,2024-07-16,Bookshelf,Furniture,North,1,8609,8609,1635.13
1244,2024-07-16,Sofa,Furniture,West,3,33870,101610,23739.46
1466,2024-07-16,Mobile,Electronics,North,5,21140,105700,25449.25
2215,2024-07-16,Notebook,Stationery,North,1,48,48,11.99
1189,2024-07-16,Chair,Furniture,West,1,6780,6780,1442.0
2257,2024-07-17,Sofa,Furniture,North,3,32060,96180,10368.6
1621,2024-07-17,Pen,Stationery,North,1,35,35,7.45
1956,2024-07-18,Pen,Stationery,South,3,35,105,13.36
1368,2024-07-18,Mobile,Electronics,East,2,43196,86392,11802.04
2058,2024-07-18,Bookshelf,Furniture,South,3,6803,20409,4661.77
2159,2024-07-18,Chair,Furniture,West,5,1569,7845,1002.82
1932,2024-07-19,Pen,Stationery,West,4,57,228,36.95
2076,2024-07-19,Chair,Furniture,South,1,7453,7453,1297.94
1575,2024-07-19,Laptop,Electronics,West,2,64218,128436,12554.45
1509,2024-07-19,Notebook,Stationery,West,1,64,64,5.82
1532,2024-07-19,Notebook,Stationery,East,3,57,171,34.73
2232,2024-07-19,Bookshelf,Furniture,East,3,7298,21894,3799.92
1492,2024-07-19,Headphones,Electronics,West,3,4330,12990,2572.09
1303,2024-07-20,TV,Electronics,East,1,54004,54004,12036.24
1724,2024-07-20,Watch,Accessories,North,3,1041,3123,682.07
1120,2024-07-20,Pen,Stationery,East,5,26,130,20.36
2432,2024-07-20,Mobile,Electronics,West,5,20470,102350,19009.39
1207,2024-07-20,Bookshelf,Furniture,East,1,6223,6223,1010.69
2386,2024-07-20,Bookshelf,Furniture,North,2,2858,5716,623.0
1185,2024-07-20,Headphones,Electronics,North,2,4712,9424,1288.21
1290,2024-07-20,Bookshelf,Furniture,West,4,6337,25348,2339.89
1459,2024-07-21,Headphones,Electronics,West,5,4226,21130,1878.12
2491,2024-07-21,Bookshelf,Furniture,South,2,2572,5144,477.47
2414,2024-07-21,Table,Furniture,South,1,6095,6095,1441.51
2363,2024-07-22,Mobile,Electronics,West,5,26733,133665,17263.58
1131,2024-07-23,Backpack,Accessories,East,1,2406,2406,380.68
2043,2024-07-24,Pen,Stationery,East,1,78,78,8.25
1941,2024-07-24,Table,Furniture,West,1,12103,12103,2336.6
1754,2024-07-24,Bookshelf,Furniture,East,4,4621,18484,2937.49
2429,2024-07-24,Laptop,Electronics,West,3,57301,171903,19321.54
1093,2024-07-24,Headphones,Electronics,East,5,4077,20385,1948.6
2065,2024-07-24,Mobile,Electronics,East,3,43918,131754,25752.33
2410,2024-07-24,TV,Electronics,West,4,44283,177132,20123.5
1264,2024-07-24,Watch,Accessories,East,5,10977,54885,10147.01
1757,2024-07-25,Notebook,Stationery,West,1,165,165,29.57
1764,2024-07-25,Laptop,Electronics,South,2,53945,107890,15652.23
2298,2024-07-25,Notebook,Stationery,South,1,40,40,8.33
1849,2024-07-26,Mobile,Electronics,West,4,28389,113556,12267.5
1882,2024-07-26,Watch,Accessories,West,2,5324,10648,1156.32
1280,2024-07-26,Backpack,Accessories,West,1,1583,1583,360.4
2355,2024-07-26,Bookshelf,Furniture,East,4,3429,13716,3419.66
1814,2024-07-26,Notebook,Stationery,East,4,105,420,82.65
2294,2024-07-27,Backpack,Accessories,North,4,2664,10656,2580.56
1923,2024-07-27,Laptop,Electronics,East,1,52755,52755,10068.6
2226,2024-07-27,Laptop,Electronics,East,4,62912,251648,40844.84
1286,2024-07-27,Bookshelf,Furniture,North,2,2273,4546,734.59
2071,2024-07-27,Chair,Furniture,South,5,5139,25695,4099.81
1208,2024-07-27,Notebook,Stationery,West,1,54,54,5.6
2468,2024-07-28,Bookshelf,Furniture,North,2,8239,16478,1824.92
2352,2024-07-28,Sofa,Furniture,North,4,23683,94732,18014.73
1187,2024-07-28,Backpack,Accessories,South,1,2894,2894,520.35
1848,2024-07-28,Bookshelf,Furniture,North,4,4494,17976,2005.67
1988,2024-07-28,Headphones,Electronics,North,4,1973,7892,1886.3
2426,2024-07-28,Notebook,Stationery,West,4,54,216,20.64
1235,2024-07-28,Laptop,Electronics,West,4,48737,194948,23316.39
2169,2024-07-28,Chair,Furniture,South,3,2453,7359,941.41
1193,2024-07-29,Laptop,Electronics,North,3,77460,232380,21186.19
1302,2024-07-29,Table,Furniture,North,1,11503,11503,1884.85
1411,2024-07-29,Sofa,Furniture,East,3,35138,105414,15818.66
2031,2024-07-29,Notebook,Stationery,West,1,102,102,13.84
2225,2024-07-29,Watch,Accessories,South,3,9520,28560,3112.43
1440,2024-07-29,Table,Furniture,West,4,12324,49296,10521.37
1759,2024-07-29,Watch,Accessories,North,4,3418,13672,1546.93
1953,2024-07-30,Headphones,Electronics,North,3,742,2226,454.42
1709,2024-07-30,Bookshelf,Furniture,East,5,2368,11840,2713.37
2092,2024-07-30,TV,Electronics,North,2,50369,100738,22444.39
2374,2024-07-30,Watch,Accessories,West,4,7827,31308,4084.83
2474,2024-07-30,Mobile,Electronics,North,4,9067,36268,8346.82
2349,2024-07-31,Notebook,Stationery,South,4,38,152,22.66
1398,2024-07-31,Pen,Stationery,South,5,94,470,101.64
1419,2024-07-31,Watch,Accessories,West,1,1485,1485,281.83
2228,2024-07-31,Laptop,Electronics,North,2,41784,83568,10391.21
1584,2024-08-01,Laptop,Electronics,East,2,42190,84380,15154.4
1899,2024-08-01,Sofa,Furniture,East,2,30176,60352,14333.53
1721,2024-08-01,Sofa,Furniture,North,4,31354,125416,14511.26
2227,2024-08-01,Backpack,Accessories,East,4,1888,7552,1509.9
2012,2024-08-01,Sofa,Furniture,West,3,17669,53007,7252.03
2053,2024-08-02,Table,Furniture,North,1,6197,6197,552.41
1096,2024-08-02,Backpack,Accessories,East,4,1250,5000,984.83
1002,2024-08-02,Backpack,Accessories,East,5,2635,13175,2400.35
2358,2024-08-02,Mobile,Electronics,South,2,9906,19812,4886.52
1210,2024-08-02,Chair,Furniture,East,5,3675,18375,4016.03
1581,2024-08-02,Bookshelf,Furniture,South,3,7686,23058,1930.98
1227,2024-08-03,TV,Electronics,West,5,27254,136270,28485.35
1381,2024-08-03,Pen,Stationery,South,3,87,261,55.93
2199,2024-08-03,Laptop,Electronics,West,1,74385,74385,16039.4
2251,2024-08-03,Chair,Furniture,West,5,5186,25930,3066.93
1679,2024-08-03,Backpack,Accessories,North,1,1401,1401,239.33
2304,2024-08-04,Pen,Stationery,East,5,74,370,38.49
1015,2024-08-04,Watch,Accessories,West,5,9371,46855,4870.91
1772,2024-08-04,Bookshelf,Furniture,South,5,7818,39090,6027.34
2048,2024-08-04,Watch,Accessories,East,1,7126,7126,1366.85
1595,2024-08-04,Bookshelf,Furniture,East,5,7001,35005,7043.63
1012,2024-08-05,Watch,Accessories,South,4,5097,20388,3703.34
1178,2024-08-05,Bookshelf,Furniture,South,1,5281,5281,652.32
1974,2024-08-05,Headphones,Electronics,North,2,2618,5236,1194.99
1077,2024-08-05,Pen,Stationery,West,4,94,376,41.15
1950,2024-08-05,TV,Electronics,West,1,49754,49754,6687.17
1488,2024-08-05,Laptop,Electronics,North,2,53099,106198,14777.46
1137,2024-08-05,Backpack,Accessories,North,1,2796,2796,550.6
2194,2024-08-05,Laptop,Electronics,West,3,84402,253206,57515.01
1691,2024-08-05,Pen,Stationery,North,2,75,150,14.89
1619,2024-08-05,Headphones,Electronics,South,5,892,4460,759.21
2245,2024-08-06,TV,Electronics,North,4,25775,103100,23524.29
2213,2024-08-06,Chair,Furniture,West,4,5722,22888,3592.96
2105,2024-08-06,Notebook,Stationery,North,2,90,180,37.76
1566,2024-08-06,Mobile,Electronics,West,4,26354,105416,22887.94
2476,2024-08-06,Backpack,Accessories,South,1,2862,2862,601.82
1693,2024-08-06,Laptop,Electronics,West,3,63230,189690,34700.38
2233,2024-08-07,Headphones,Electronics,East,1,4039,4039,933.54
1332,2024-08-07,Mobile,Electronics,South,1,25087,25087,5702.14
1760,2024-08-07,Table,Furniture,North,1,14705,14705,1821.94
1866,2024-08-07,Pen,Stationery,South,2,82,164,25.14
1413,2024-08-07,Laptop,Electronics,East,1,87991,87991,21638.61
1455,2024-08-07,Bookshelf,Furniture,South,2,5471,10942,2446.79
1103,2024-08-07,Pen,Stationery,West,5,81,405,89.05
1113,2024-08-07,TV,Electronics,North,3,20713,62139,12637.35
2013,2024-08-07,Watch,Accessories,West,1,9690,9690,2146.76
1654,2024-08-08,Bookshelf,Furniture,North,3,3391,10173,1840.77
1839,2024-08-08,Chair,Furniture,North,2,1923,3846,515.63
2431,2024-08-08,Backpack,Accessories,South,2,1212,2424,380.49
1268,2024-08-09,Chair,Furniture,North,4,1777,7108,778.6
2068,2024-08-09,Headphones,Electronics,North,2,1524,3048,435.11
1078,2024-08-09,Chair,Furniture,East,2,7381,14762,3562.88
2387,2024-08-09,Laptop,Electronics,West,3,68798,206394,35602.65
1195,2024-08-09,Table,Furniture,East,4,7926,31704,3516.85
1629,2024-08-10,TV,Electronics,South,5,53405,267025,43211.77
1797,2024-08-10,Sofa,Furniture,North,5,33815,169075,15319.38
2268,2024-08-11,Pen,Stationery,West,1,28,28,6.68
2370,2024-08-12,Laptop,Electronics,East,5,39868,199340,23166.5
2263,2024-08-12,Table,Furniture,South,2,3162,6324,1448.9
1291,2024-08-12,Laptop,Electronics,North,1,80004,80004,17614.27
2450,2024-08-12,Pen,Stationery,North,3,73,219,24.05
1169,2024-08-12,Sofa,Furniture,South,5,28381,141905,33220.0
1568,2024-08-12,Bookshelf,Furniture,East,3,7442,22326,1902.94
2392,2024-08-13,Pen,Stationery,North,2,23,46,10.52
1627,2024-08-13,Pen,Stationery,North,5,55,275,51.03
1376,2024-08-13,Headphones,Electronics,North,1,2101,2101,199.38
2163,2024-08-13,Notebook,Stationery,West,5,155,775,156.74
2420,2024-08-13,Sofa,Furniture,East,4,12983,51932,11300.03
1245,2024-08-13,Notebook,Stationery,East,4,81,324,38.68
1474,2024-08-14,Table,Furniture,East,1,13006,13006,1919.1
2081,2024-08-15,Watch,Accessories,South,2,3165,6330,564.33
1610,2024-08-15,Pen,Stationery,West,1,99,99,13.17
1643,2024-08-15,Notebook,Stationery,South,2,184,368,91.58
2111,2024-08-15,Chair,Furniture,South,2,4668,9336,2282.8
1817,2024-08-16,Table,Furniture,East,4,4881,19524,4782.21
1224,2024-08-16,Watch,Accessories,West,2,10450,20900,2038.29
1829,2024-08-16,Laptop,Electronics,West,5,40592,202960,21567.28
1107,2024-08-16,Headphones,Electronics,East,2,4012,8024,868.65
1396,2024-08-16,Table,Furniture,North,3,7481,22443,3392.45
2165,2024-08-16,Mobile,Electronics,West,2,28914,57828,8029.62
1397,2024-08-17,Chair,Furniture,South,5,7507,37535,4375.99
1696,2024-08-17,Headphones,Electronics,East,4,3100,12400,2254.79
2060,2024-08-17,Sofa,Furniture,West,1,13158,13158,2888.1
1435,2024-08-17,Chair,Furniture,South,5,3523,17615,1496.26
2244,2024-08-18,Bookshelf,Furniture,North,3,7171,21513,3224.68
1025,2024-08-18,Backpack,Accessories,North,5,1559,7795,725.61
1024,2024-08-18,Laptop,Electronics,West,4,89268,357072,83657.08
1582,2024-08-18,Chair,Furniture,East,1,3868,3868,730.59
1313,2024-08-18,Table,Furniture,North,1,14130,14130,3459.03
1375,2024-08-18,Laptop,Electronics,North,4,46023,184092,39201.43
2050,2024-08-19,TV,Electronics,West,4,51561,206244,37535.28
2455,2024-08-19,Laptop,Electronics,West,4,81761,327044,60381.07
1365,2024-08-19,Chair,Furniture,North,1,7518,7518,1014.73
2164,2024-08-19,Laptop,Electronics,North,2,57785,115570,11221.35
2286,2024-08-19,Table,Furniture,West,5,9575,47875,6489.25
1512,2024-08-19,Chair,Furniture,East,4,3073,12292,2631.67
1894,2024-08-20,Notebook,Stationery,East,5,112,560,66.0
1056,2024-08-20,Chair,Furniture,West,1,4920,4920,855.93
1402,2024-08-20,Headphones,Electronics,North,2,3993,7986,1704.63
2483,2024-08-21,Laptop,Electronics,North,1,49429,49429,12217.65
1548,2024-08-21,TV,Electronics,South,3,33693,101079,10613.35
1262,2024-08-22,Pen,Stationery,North,2,40,80,8.15
2449,2024-08-22,Sofa,Furniture,West,5,23391,116955,28841.21
1630,2024-08-22,Watch,Accessories,North,3,8688,26064,5599.44
1209,2024-08-22,Headphones,Electronics,South,5,941,4705,513.72
2069,2024-08-23,Notebook,Stationery,North,2,127,254,39.35
1124,2024-08-23,Chair,Furniture,South,1,6358,6358,1146.3
2017,2024-08-23,Sofa,Furniture,East,5,28645,143225,22026.41
1239,2024-08-23,Notebook,Stationery,West,2,150,300,28.68
1820,2024-08-24,Table,Furniture,South,5,3719,18595,3310.36
1883,2024-08-24,Mobile,Electronics,East,3,36807,110421,13758.27
1896,2024-08-24,Bookshelf,Furniture,West,1,6590,6590,1420.32
2029,2024-08-24,TV,Electronics,South,1,37499,37499,3143.76
2181,2024-08-24,Laptop,Electronics,East,5,77470,387350,39571.69
1930,2024-08-24,Table,Furniture,North,2,7563,15126,1325.79
1763,2024-08-24,Backpack,Accessories,South,4,2129,8516,1729.93
2383,2024-08-25,Laptop,Electronics,East,2,50847,101694,18299.16
1116,2024-08-26,Laptop,Electronics,East,1,58833,58833,14407.35
1529,2024-08-26,Watch,Accessories,West,4,4608,18432,1725.8
1663,2024-08-26,Notebook,Stationery,North,2,170,340,44.71
1741,2024-08-26,Laptop,Electronics,North,5,39927,199635,27414.9
1220,2024-08-26,Headphones,Electronics,East,4,2262,9048,802.94
1902,2024-08-26,Pen,Stationery,West,5,69,345,60.81
2102,2024-08-26,Chair,Furniture,South,3,2721,8163,1176.71
2179,2024-08-27,Headphones,Electronics,North,1,3257,3257,376.3
1363,2024-08-28,Backpack,Accessories,East,3,1199,3597,656.62
1589,2024-08-28,Pen,Stationery,North,2,35,70,8.89
2409,2024-08-28,Laptop,Electronics,East,2,75030,150060,34595.6
1249,2024-08-28,Backpack,Accessories,South,2,2966,5932,969.89
1873,2024-08-28,Chair,Furniture,West,4,4222,16888,1691.66
1085,2024-08-29,TV,Electronics,East,2,42472,84944,11401.68
2437,2024-08-29,Notebook,Stationery,East,2,181,362,48.13
1269,2024-08-29,Headphones,Electronics,East,4,1540,6160,563.33
1358,2024-08-29,Chair,Furniture,East,3,3084,9252,2107.37
2343,2024-08-29,Chair,Furniture,South,5,4715,23575,5876.3
1788,2024-08-29,Laptop,Electronics,North,2,56133,112266,9346.66
2401,2024-08-31,Headphones,Electronics,South,3,3737,11211,2425.06
1976,2024-08-31,Backpack,Accessories,East,1,1806,1806,266.16
2380,2024-09-01,Laptop,Electronics,North,5,52560,262800,62848.02
2072,2024-09-01,Table,Furniture,East,2,14748,29496,5612.71
1549,2024-09-01,Pen,Stationery,North,2,46,92,13.22
1903,2024-09-02,Mobile,Electronics,South,3,12922,38766,7776.64
1984,2024-09-02,Chair,Furniture,West,5,3282,16410,2094.85
2059,2024-09-02,Bookshelf,Furniture,East,1,4330,4330,696.4
2142,2024-09-02,Chair,Furniture,East,3,6690,20070,2765.66
1561,2024-09-02,Backpack,Accessories,East,5,975,4875,1048.2
2222,2024-09-02,Backpack,Accessories,East,4,1604,6416,619.06
2198,2024-09-03,Bookshelf,Furniture,West,3,3074,9222,1524.68
1821,2024-09-03,Bookshelf,Furniture,South,3,8328,24984,5986.47
1075,2024-09-03,TV,Electronics,West,3,16679,50037,10449.42
1483,2024-09-03,Backpack,Accessories,North,3,2060,6180,1048.49
1374,2024-09-04,Watch,Accessories,North,5,1085,5425,519.7
1690,2024-09-04,Headphones,Electronics,North,1,3261,3261,804.37
2178,2024-09-04,Sofa,Furniture,West,3,37547,112641,14774.48
1708,2024-09-04,Watch,Accessories,North,1,4938,4938,958.05
1565,2024-09-05,TV,Electronics,South,3,51304,153912,35716.35
2284,2024-09-05,Notebook,Stationery,East,2,123,246,51.18
1377,2024-09-05,Notebook,Stationery,North,3,104,312,46.02
2249,2024-09-05,Headphones,Electronics,South,3,4766,14298,3006.32
2010,2024-09-05,Sofa,Furniture,East,3,31650,94950,12840.74
1457,2024-09-06,Backpack,Accessories,North,2,2743,5486,822.28
1101,2024-09-08,TV,Electronics,North,3,53069,159207,19468.33
2259,2024-09-08,Laptop,Electronics,North,5,61183,305915,64245.81
1393,2024-09-08,Laptop,Electronics,West,1,81851,81851,9785.27
2239,2024-09-08,Backpack,Accessories,East,2,2522,5044,458.48
1605,2024-09-08,Backpack,Accessories,East,1,2048,2048,450.48
1641,2024-09-08,Bookshelf,Furniture,South,3,5638,16914,2082.95
2325,2024-09-09,Notebook,Stationery,South,3,159,477,89.22
2064,2024-09-09,Laptop,Electronics,West,2,79659,159318,23789.72
1745,2024-09-09,TV,Electronics,East,3,51468,154404,30427.99
2155,2024-09-09,Table,Furniture,South,5,10124,50620,5227.21
1005,2024-09-09,Watch,Accessories,North,3,9466,28398,4202.23
1097,2024-09-09,Table,Furniture,East,5,8293,41465,4886.15
1659,2024-09-10,Chair,Furniture,South,1,6276,6276,1132.02
1361,2024-09-10,Notebook,Stationery,South,3,93,279,50.64
1668,2024-09-10,Notebook,Stationery,North,2,168,336,54.4
1473,2024-09-10,TV,Electronics,West,1,40643,40643,5951.1
2231,2024-09-10,Mobile,Electronics,East,2,29411,58822,6019.85
1905,2024-09-10,Backpack,Accessories,North,5,1586,7930,1062.5
1125,2024-09-11,Sofa,Furniture,East,5,11252,56260,10615.78
1823,2024-09-11,Chair,Furniture,South,1,1807,1807,152.31
1199,2024-09-11,Bookshelf,Furniture,South,5,8904,44520,4912.9
2173,2024-09-11,Watch,Accessories,South,4,1931,7724,1317.56
2192,2024-09-11,Mobile,Electronics,East,2,35675,71350,16919.41
1822,2024-09-12,Backpack,Accessories,West,3,1700,5100,1140.72
1774,2024-09-12,Table,Furniture,West,4,14539,58156,7881.81
1756,2024-09-12,Laptop,Electronics,North,4,49683,198732,19120.64
1422,2024-09-12,Table,Furniture,South,1,7330,7330,1754.48
1080,2024-09-13,Bookshelf,Furniture,North,2,6611,13222,1117.35
1317,2024-09-13,Chair,Furniture,West,3,7395,22185,5352.33
1278,2024-09-13,Pen,Stationery,West,2,47,94,10.93
2174,2024-09-14,Chair,Furniture,East,2,5877,11754,2090.6
2411,2024-09-14,Sofa,Furniture,North,4,28256,113024,16526.11
1416,2024-09-14,Table,Furniture,North,4,12908,51632,5505.44
2430,2024-09-14,Watch,Accessories,South,3,4645,13935,1922.49
2246,2024-09-15,Headphones,Electronics,North,3,1691,5073,635.93
1436,2024-09-16,Watch,Accessories,North,4,5836,23344,3464.15
2318,2024-09-16,Mobile,Electronics,South,4,44784,179136,41682.24
2419,2024-09-17,Laptop,Electronics,North,2,39381,78762,8328.28
2372,2024-09-17,Mobile,Electronics,South,3,12792,38376,7129.93
1412,2024-09-17,Table,Furniture,West,2,13759,27518,2299.42
2279,2024-09-17,Backpack,Accessories,West,5,1780,8900,923.35
1450,2024-09-17,Headphones,Electronics,South,4,2125,8500,752.02
1159,2024-09-17,Sofa,Furniture,South,2,12219,24438,3294.25
1705,2024-09-18,Table,Furniture,North,2,7937,15874,3274.49
1308,2024-09-18,Sofa,Furniture,South,3,39426,118278,15169.78
1202,2024-09-19,Laptop,Electronics,East,5,88394,441970,101209.14
1961,2024-09-19,Backpack,Accessories,East,4,2444,9776,1948.31
2282,2024-09-20,Laptop,Electronics,North,5,50167,250835,30908.91
1603,2024-09-20,Sofa,Furniture,West,3,24609,73827,9867.47
1587,2024-09-20,Mobile,Electronics,West,2,36278,72556,7455.19
1485,2024-09-21,Headphones,Electronics,South,3,1145,3435,718.36
1340,2024-09-21,TV,Electronics,North,2,43441,86882,14028.05
1991,2024-09-21,Pen,Stationery,North,5,31,155,28.32
1161,2024-09-21,Backpack,Accessories,East,3,2443,7329,1020.99
1384,2024-09-22,Notebook,Stationery,South,5,54,270,61.17
1808,2024-09-22,Bookshelf,Furniture,West,3,8381,25143,2024.87
2364,2024-09-23,Chair,Furniture,East,1,6966,6966,1003.74
2040,2024-09-23,TV,Electronics,North,2,26772,53544,12103.57
1958,2024-09-23,Pen,Stationery,South,3,36,108,9.4
1560,2024-09-23,Table,Furniture,North,4,6630,26520,2292.84
1042,2024-09-23,Watch,Accessories,North,2,7416,14832,3518.12
1391,2024-09-23,Mobile,Electronics,North,1,34526,34526,5287.91
2448,2024-09-24,Bookshelf,Furniture,East,4,4892,19568,3730.94
1477,2024-09-24,Mobile,Electronics,East,5,14530,72650,17003.32
1762,2024-09-25,Backpack,Accessories,South,3,1115,3345,373.01
2136,2024-09-25,Bookshelf,Furniture,South,4,4657,18628,1881.18
1583,2024-09-25,Chair,Furniture,East,3,6672,20016,3805.62
2342,2024-09-25,Watch,Accessories,North,1,6538,6538,1065.32
2350,2024-09-25,Mobile,Electronics,East,2,9209,18418,1865.54
1271,2024-09-26,Watch,Accessories,West,3,9754,29262,5297.81
2145,2024-09-27,TV,Electronics,North,1,37469,37469,6297.53
2124,2024-09-27,Watch,Accessories,North,3,11286,33858,3210.03
1993,2024-09-27,Sofa,Furniture,North,3,28554,85662,9539.15
2176,2024-09-27,Chair,Furniture,North,3,7136,21408,4985.33
1802,2024-09-27,Chair,Furniture,West,5,5470,27350,5718.33
1707,2024-09-27,Headphones,Electronics,North,1,2926,2926,452.14
1749,2024-09-27,TV,Electronics,East,1,18764,18764,4064.31
1074,2024-09-28,Sofa,Furniture,West,5,19662,98310,18088.31
1911,2024-09-28,Mobile,Electronics,North,5,28323,141615,19455.14
1061,2024-09-29,Bookshelf,Furniture,North,5,6341,31705,4134.55
2119,2024-09-29,Chair,Furniture,South,2,3915,7830,1613.5
2248,2024-09-29,Headphones,Electronics,West,1,854,854,170.17
1669,2024-09-29,Headphones,Electronics,West,3,652,1956,408.86
2389,2024-09-29,Notebook,Stationery,South,4,56,224,45.76
1557,2024-09-29,TV,Electronics,West,1,49919,49919,10719.04
1968,2024-09-29,TV,Electronics,West,4,33157,132628,19644.82
2403,2024-09-30,Sofa,Furniture,South,2,10561,21122,3934.3
1143,2024-09-30,Pen,Stationery,South,1,24,24,4.93
2121,2024-09-30,Pen,Stationery,West,5,93,465,84.58
1558,2024-10-01,Chair,Furniture,East,4,4067,16268,3659.24
1959,2024-10-01,Table,Furniture,South,1,4907,4907,904.45
1346,2024-10-01,Mobile,Electronics,South,4,14012,56048,6930.45
1071,2024-10-01,Watch,Accessories,South,5,10361,51805,5767.8
1156,2024-10-01,Headphones,Electronics,North,4,4708,18832,1874.2
1909,2024-10-01,Pen,Stationery,North,5,73,365,76.37
2382,2024-10-01,Chair,Furniture,East,5,7059,35295,7656.52
1501,2024-10-01,Notebook,Stationery,West,1,100,100,13.18
2057,2024-10-02,Table,Furniture,East,1,12836,12836,2331.44
2044,2024-10-02,Watch,Accessories,East,2,5388,10776,2630.27
2139,2024-10-02,Backpack,Accessories,South,4,1398,5592,1113.63
1798,2024-10-02,Watch,Accessories,East,4,6550,26200,5734.8
1801,2024-10-02,Mobile,Electronics,South,2,10775,21550,1998.11
1761,2024-10-03,Pen,Stationery,West,2,95,190,25.11
1150,2024-10-03,Table,Furniture,South,4,8622,34488,7747.35
2216,2024-10-03,TV,Electronics,North,1,59354,59354,9183.59
1410,2024-10-03,Bookshelf,Furniture,South,4,3950,15800,2203.3
2482,2024-10-03,Chair,Furniture,West,1,6131,6131,641.84
1552,2024-10-04,Headphones,Electronics,North,1,3736,3736,650.55
2094,2024-10-04,TV,Electronics,West,3,49678,149034,20189.33
1971,2024-10-04,Laptop,Electronics,South,1,66728,66728,7386.0
2115,2024-10-04,Pen,Stationery,North,2,84,168,34.15
1868,2024-10-04,Bookshelf,Furniture,North,1,4158,4158,511.38
2348,2024-10-04,TV,Electronics,East,2,44799,89598,21332.3
1702,2024-10-04,Headphones,Electronics,South,1,2961,2961,262.29
2002,2024-10-05,Backpack,Accessories,South,5,2530,12650,3052.78
1966,2024-10-05,Mobile,Electronics,West,1,25130,25130,3624.57
2470,2024-10-05,Notebook,Stationery,South,3,75,225,43.12
2007,2024-10-06,Sofa,Furniture,South,5,37052,185260,20159.2
1556,2024-10-06,TV,Electronics,North,4,41762,167048,24773.62
2484,2024-10-06,Backpack,Accessories,North,4,534,2136,451.02
1928,2024-10-07,Pen,Stationery,West,1,51,51,9.5
2405,2024-10-07,Chair,Furniture,South,3,4742,14226,2747.9
1484,2024-10-07,Headphones,Electronics,South,5,3569,17845,4380.73
2427,2024-10-07,TV,Electronics,East,3,56294,168882,14029.67
1345,2024-10-07,Headphones,Electronics,East,4,4646,18584,4438.87
2337,2024-10-07,TV,Electronics,North,3,54754,164262,13381.64
1597,2024-10-07,Notebook,Stationery,North,3,113,339,63.68
1499,2024-10-07,Bookshelf,Furniture,West,2,6365,12730,3109.45
1230,2024-10-08,Chair,Furniture,South,5,5845,29225,5969.91
1098,2024-10-09,Pen,Stationery,South,5,14,70,6.61
2413,2024-10-09,Mobile,Electronics,West,2,28343,56686,14170.05
2361,2024-10-09,Pen,Stationery,East,4,79,316,51.27
1726,2024-10-09,Bookshelf,Furniture,South,1,5606,5606,788.6
1176,2024-10-09,Chair,Furniture,West,2,5606,11212,1549.82
2221,2024-10-09,Mobile,Electronics,East,3,39331,117993,24145.76
1853,2024-10-09,Laptop,Electronics,East,4,52570,210280,47742.74
1117,2024-10-09,Laptop,Electronics,North,2,55384,110768,9554.82
1053,2024-10-09,Backpack,Accessories,South,1,1297,1297,230.96
1472,2024-10-10,Pen,Stationery,North,2,72,144,13.12
1907,2024-10-10,Table,Furniture,North,2,12117,24234,4669.29
2055,2024-10-10,TV,Electronics,East,3,21221,63663,15400.45
1203,2024-10-11,Watch,Accessories,South,1,9505,9505,2081.27
1325,2024-10-11,Notebook,Stationery,East,4,180,720,122.75
1423,2024-10-11,Mobile,Electronics,South,2,32858,65716,7642.57
1910,2024-10-11,Headphones,Electronics,North,2,1687,3374,504.2
1551,2024-10-11,Backpack,Accessories,East,1,2023,2023,294.42
1084,2024-10-11,Watch,Accessories,East,2,4173,8346,722.96
1370,2024-10-12,Headphones,Electronics,West,4,1161,4644,441.6
1213,2024-10-13,Table,Furniture,East,2,7263,14526,2645.01
1775,2024-10-13,Backpack,Accessories,West,5,1974,9870,1571.21
1945,2024-10-13,TV,Electronics,North,3,35955,107865,11347.07
1824,2024-10-13,Chair,Furniture,South,4,7215,28860,2312.01
1667,2024-10-13,Pen,Stationery,South,3,41,123,15.47
1181,2024-10-13,Pen,Stationery,North,5,60,300,29.32
2435,2024-10-14,Chair,Furniture,North,1,4441,4441,419.56
1065,2024-10-14,Sofa,Furniture,East,3,10853,32559,5181.82
1539,2024-10-14,TV,Electronics,East,4,28467,113868,26853.26
1915,2024-10-14,Headphones,Electronics,South,5,2373,11865,1264.5
1275,2024-10-14,Mobile,Electronics,East,4,21261,85044,16266.1
1122,2024-10-14,Mobile,Electronics,West,2,15239,30478,5019.36
2461,2024-10-15,Laptop,Electronics,South,3,50563,151689,20632.76
2260,2024-10-15,Table,Furniture,South,5,10406,52030,4466.47
1259,2024-10-15,Table,Furniture,West,4,10314,41256,9266.05
1711,2024-10-16,Bookshelf,Furniture,East,2,2060,4120,842.81
1851,2024-10-16,TV,Electronics,South,2,42543,85086,19893.98
1406,2024-10-16,Bookshelf,Furniture,East,1,8869,8869,1635.17
1578,2024-10-16,TV,Electronics,East,2,23549,47098,4383.25
2425,2024-10-16,Pen,Stationery,East,1,67,67,13.98
1947,2024-10-17,Chair,Furniture,North,1,1825,1825,265.15
2095,2024-10-17,Mobile,Electronics,North,5,37491,187455,32352.34
1975,2024-10-17,Bookshelf,Furniture,North,3,2919,8757,1140.42
1906,2024-10-18,Chair,Furniture,West,2,7456,14912,1434.7
2453,2024-10-18,Notebook,Stationery,West,2,174,348,55.63
2066,2024-10-18,Sofa,Furniture,West,3,30046,90138,16859.12
1980,2024-10-18,Mobile,Electronics,South,5,8692,43460,4395.49
2212,2024-10-18,Pen,Stationery,West,1,19,19,4.41
1139,2024-10-18,Laptop,Electronics,West,5,49178,245890,60898.02
1598,2024-10-19,Pen,Stationery,North,4,57,228,51.8
1242,2024-10-19,Notebook,Stationery,West,1,102,102,14.95
1342,2024-10-19,Watch,Accessories,West,3,11822,35466,7448.93
1356,2024-10-19,Headphones,Electronics,South,4,4183,16732,3248.39
2293,2024-10-19,Headphones,Electronics,East,4,1891,7564,1428.66
2322,2024-10-19,Bookshelf,Furniture,West,5,8379,41895,4318.4
1844,2024-10-19,TV,Electronics,West,2,47323,94646,22260.58
1305,2024-10-19,Headphones,Electronics,West,4,1887,7548,1251.64
2157,2024-10-20,Table,Furniture,North,2,5603,11206,2650.12
1590,2024-10-20,Laptop,Electronics,East,1,49087,49087,6767.28
1537,2024-10-20,Watch,Accessories,North,2,1930,3860,573.84
2196,2024-10-20,Sofa,Furniture,South,1,37779,37779,4835.46
1766,2024-10-20,Notebook,Stationery,East,3,195,585,110.09
1858,2024-10-20,Pen,Stationery,South,1,61,61,6.58
1451,2024-10-21,Mobile,Electronics,East,1,37312,37312,3029.55
1816,2024-10-21,Headphones,Electronics,East,5,3377,16885,3905.17
1803,2024-10-22,Bookshelf,Furniture,West,3,6331,18993,2572.85
1790,2024-10-22,Table,Furniture,West,3,10389,31167,5879.2
2086,2024-10-22,Table,Furniture,South,1,14769,14769,3407.29
1014,2024-10-22,Chair,Furniture,West,5,1837,9185,1650.98
1534,2024-10-22,Mobile,Electronics,North,4,36669,146676,19090.9
1182,2024-10-23,Table,Furniture,East,5,4792,23960,5928.26
1452,2024-10-23,Table,Furniture,South,4,10531,42124,6226.02
1476,2024-10-23,Headphones,Electronics,North,2,2785,5570,595.17
2312,2024-10-23,TV,Electronics,East,2,55164,110328,16006.57
1351,2024-10-24,Bookshelf,Furniture,West,4,7203,28812,2731.28
1043,2024-10-24,TV,Electronics,East,1,46065,46065,7731.0
1900,2024-10-24,Mobile,Electronics,South,1,33359,33359,2723.65
2061,2024-10-24,Chair,Furniture,North,4,2189,8756,1560.59
2357,2024-10-25,Pen,Stationery,North,3,73,219,30.12
2308,2024-10-26,Sofa,Furniture,East,5,24374,121870,10557.73
1917,2024-10-26,Mobile,Electronics,North,4,18374,73496,18090.13
2329,2024-10-26,Pen,Stationery,West,3,65,195,27.56
1703,2024-10-27,Headphones,Electronics,East,1,1316,1316,206.01
2009,2024-10-27,Mobile,Electronics,East,5,12683,63415,8098.23
1233,2024-10-27,Mobile,Electronics,East,2,37866,75732,15389.53
1622,2024-10-27,TV,Electronics,East,5,56420,282100,47854.06
2024,2024-10-27,Laptop,Electronics,East,5,82204,411020,37138.9
2296,2024-10-27,Pen,Stationery,North,2,74,148,30.94
1238,2024-10-28,Headphones,Electronics,North,5,2532,12660,1093.72
2006,2024-10-28,Notebook,Stationery,South,2,96,192,34.92
1728,2024-10-28,Sofa,Furniture,West,4,25748,102992,19308.61
2444,2024-10-28,Bookshelf,Furniture,South,1,2968,2968,396.59
1481,2024-10-28,Sofa,Furniture,West,5,31632,158160,39112.77
1430,2024-10-28,Sofa,Furniture,East,2,35498,70996,9968.93
2393,2024-10-28,Pen,Stationery,East,3,97,291,68.1
1114,2024-10-29,Notebook,Stationery,South,2,39,78,13.55
1652,2024-10-29,Sofa,Furniture,East,5,16297,81485,12329.18
1493,2024-10-29,Table,Furniture,East,5,10358,51790,4435.41
1140,2024-10-29,Bookshelf,Furniture,South,2,2525,5050,1056.42
1777,2024-10-30,Chair,Furniture,East,2,1665,3330,666.16
2137,2024-10-30,Headphones,Electronics,West,2,2101,4202,1034.27
1046,2024-10-30,TV,Electronics,West,1,21295,21295,4027.85
1013,2024-10-30,Bookshelf,Furniture,South,4,5798,23192,2033.67
2288,2024-10-31,Backpack,Accessories,West,5,1226,6130,1194.06
1162,2024-10-31,Chair,Furniture,South,4,5527,22108,3304.0
2378,2024-10-31,Mobile,Electronics,East,2,37187,74374,6512.67
1927,2024-10-31,Mobile,Electronics,West,4,23029,92116,11690.15
2087,2024-10-31,Headphones,Electronics,South,5,2910,14550,2911.21
1743,2024-10-31,TV,Electronics,East,1,45009,45009,10880.71
1108,2024-10-31,Laptop,Electronics,North,3,79597,238791,55685.31
1304,2024-10-31,Chair,Furniture,East,5,3477,17385,3891.84
1972,2024-11-01,Table,Furniture,East,1,11864,11864,1276.94
1127,2024-11-01,Mobile,Electronics,South,3,14941,44823,4279.27
1007,2024-11-02,Sofa,Furniture,North,2,37464,74928,18080.92
2224,2024-11-02,Bookshelf,Furniture,South,2,3860,7720,736.45
1593,2024-11-02,TV,Electronics,North,4,56157,224628,43751.65
1531,2024-11-02,Backpack,Accessories,North,2,1789,3578,370.71
1394,2024-11-03,Headphones,Electronics,West,2,4719,9438,964.76
2441,2024-11-03,Table,Furniture,West,1,13972,13972,1930.53
2210,2024-11-03,Bookshelf,Furniture,South,3,7694,23082,4920.97
1041,2024-11-03,Notebook,Stationery,North,2,197,394,87.63
1504,2024-11-03,Notebook,Stationery,South,3,82,246,29.15
1128,2024-11-03,Notebook,Stationery,South,4,108,432,56.44
2205,2024-11-03,TV,Electronics,North,1,38851,38851,4205.68
1214,2024-11-04,Sofa,Furniture,South,1,36284,36284,5485.81
1281,2024-11-04,Bookshelf,Furniture,East,2,3050,6100,1277.18
2154,2024-11-04,Headphones,Electronics,South,4,2759,11036,1042.29
1352,2024-11-05,Laptop,Electronics,West,5,40495,202475,37991.55
1943,2024-11-05,Watch,Accessories,South,5,8740,43700,10139.5
2379,2024-11-06,TV,Electronics,West,2,54385,108770,17082.92
1634,2024-11-06,Table,Furniture,South,2,13193,26386,2174.53
1118,2024-11-06,Table,Furniture,West,5,5000,25000,6248.8
1236,2024-11-06,TV,Electronics,South,3,15545,46635,10665.39
2235,2024-11-06,Headphones,Electronics,East,1,587,587,82.23
2447,2024-11-07,Bookshelf,Furniture,North,4,6151,24604,5734.04
1142,2024-11-07,TV,Electronics,East,3,20122,60366,10289.95
1105,2024-11-07,Laptop,Electronics,South,2,81196,162392,13326.9
1063,2024-11-08,Headphones,Electronics,North,1,4615,4615,424.86
1732,2024-11-08,Table,Furniture,North,5,14502,72510,10868.23
2321,2024-11-08,Table,Furniture,North,1,12078,12078,2948.56
1318,2024-11-08,Table,Furniture,West,1,12499,12499,2286.59
1247,2024-11-08,Pen,Stationery,North,5,12,60,5.39
1712,2024-11-09,Laptop,Electronics,East,2,36551,73102,10473.62
1405,2024-11-09,Watch,Accessories,West,4,9780,39120,7367.24
2356,2024-11-09,TV,Electronics,West,4,32397,129588,14922.78
1897,2024-11-09,Sofa,Furniture,East,1,36536,36536,7032.89
1297,2024-11-09,Table,Furniture,South,3,3894,11682,1015.5
1881,2024-11-09,Chair,Furniture,West,4,6058,24232,4230.32
2266,2024-11-09,Backpack,Accessories,South,2,2675,5350,1246.02
1701,2024-11-10,Table,Furniture,East,5,11751,58755,6724.37
2475,2024-11-10,Pen,Stationery,East,2,93,186,41.82
1418,2024-11-10,Watch,Accessories,South,2,7928,15856,3810.56
2229,2024-11-10,Sofa,Furniture,West,3,39841,119523,23926.42
2047,2024-11-10,Watch,Accessories,East,1,1693,1693,242.0
1149,2024-11-10,Table,Furniture,North,1,14640,14640,1189.95
1032,2024-11-10,Table,Furniture,West,1,4495,4495,668.19
1809,2024-11-11,Sofa,Furniture,North,2,29520,59040,12977.28
1893,2024-11-11,Watch,Accessories,East,2,1024,2048,205.75
1111,2024-11-11,Mobile,Electronics,West,5,35355,176775,43424.27
1008,2024-11-11,Mobile,Electronics,South,2,19016,38032,3674.05
1054,2024-11-12,TV,Electronics,West,1,52410,52410,4581.3
1730,2024-11-12,Notebook,Stationery,South,3,138,414,57.67
1294,2024-11-12,TV,Electronics,East,1,16925,16925,4047.72
1503,2024-11-12,Headphones,Electronics,West,1,3012,3012,247.31
1033,2024-11-13,Laptop,Electronics,South,2,52675,105350,21184.41
1521,2024-11-13,Pen,Stationery,East,1,63,63,9.29
1072,2024-11-13,Sofa,Furniture,East,4,33944,135776,20301.5
1151,2024-11-13,Bookshelf,Furniture,East,3,3160,9480,1603.7
1692,2024-11-13,Notebook,Stationery,North,2,111,222,39.73
2377,2024-11-14,Chair,Furniture,South,2,5764,11528,2634.44
2004,2024-11-14,Notebook,Stationery,West,3,85,255,53.6
1727,2024-11-14,Pen,Stationery,West,1,97,97,21.42
1812,2024-11-14,Sofa,Furniture,East,1,17692,17692,3716.69
1279,2024-11-15,Laptop,Electronics,North,4,52175,208700,36661.82
2479,2024-11-15,TV,Electronics,East,2,19357,38714,6337.8
1164,2024-11-15,Table,Furniture,West,5,8951,44755,4643.84
1591,2024-11-15,Watch,Accessories,East,1,5528,5528,564.34
2397,2024-11-15,Bookshelf,Furniture,West,2,7301,14602,2479.0
2096,2024-11-16,TV,Electronics,North,4,57511,230044,35613.59
1535,2024-11-16,Sofa,Furniture,North,2,11998,23996,5632.41
1747,2024-11-16,Notebook,Stationery,South,1,109,109,17.71
2170,2024-11-16,Watch,Accessories,West,5,1345,6725,667.53
2027,2024-11-17,Bookshelf,Furniture,East,5,7622,38110,6104.48
1570,2024-11-18,Table,Furniture,South,5,8929,44645,6294.13
1698,2024-11-18,Table,Furniture,East,2,4306,8612,1348.78
1083,2024-11-18,Laptop,Electronics,North,2,81247,162494,18708.96
1258,2024-11-18,Bookshelf,Furniture,West,3,7985,23955,5436.92
1180,2024-11-19,Chair,Furniture,West,2,5376,10752,2269.88
2197,2024-11-19,Sofa,Furniture,East,1,35473,35473,7009.2
1528,2024-11-19,Laptop,Electronics,East,2,59995,119990,11481.65
1948,2024-11-20,Watch,Accessories,East,1,10262,10262,1370.35
1323,2024-11-20,Laptop,Electronics,North,4,68997,275988,29039.0
2075,2024-11-20,Chair,Furniture,West,3,3051,9153,817.4
2277,2024-11-21,Laptop,Electronics,East,5,68737,343685,48252.78
2241,2024-11-21,Mobile,Electronics,North,3,16177,48531,11619.8
1067,2024-11-21,Table,Furniture,East,5,5491,27455,4633.89
1369,2024-11-21,Mobile,Electronics,East,1,27201,27201,6779.35
1343,2024-11-21,Mobile,Electronics,West,3,21178,63534,5279.65
1769,2024-11-21,Bookshelf,Furniture,West,4,5940,23760,3388.63
1787,2024-11-22,Headphones,Electronics,North,4,2178,8712,759.67
2459,2024-11-22,Table,Furniture,West,5,6650,33250,4164.18
1815,2024-11-22,Notebook,Stationery,East,2,77,154,15.55
1573,2024-11-22,Sofa,Furniture,East,4,11088,44352,9837.48
1330,2024-11-23,Notebook,Stationery,South,1,62,62,7.23
2146,2024-11-23,Chair,Furniture,North,2,4838,9676,1871.12
1828,2024-11-23,Bookshelf,Furniture,East,3,5545,16635,2999.14
2039,2024-11-25,Notebook,Stationery,West,1,96,96,9.93
1226,2024-11-25,Notebook,Stationery,East,4,76,304,52.33
1130,2024-11-25,Laptop,Electronics,West,2,71932,143864,26692.09
2402,2024-11-26,Watch,Accessories,West,5,9114,45570,4559.78
1755,2024-11-26,Pen,Stationery,East,3,39,117,25.9
1620,2024-11-26,Watch,Accessories,South,1,1032,1032,122.1
1937,2024-11-27,Table,Furniture,West,4,8573,34292,8523.18
1633,2024-11-27,Backpack,Accessories,North,2,2124,4248,768.49
2415,2024-11-27,Notebook,Stationery,East,4,185,740,59.36
2177,2024-11-28,Notebook,Stationery,North,2,139,278,62.17
1524,2024-11-28,Laptop,Electronics,West,4,43210,172840,39750.43
1158,2024-11-28,Backpack,Accessories,East,2,1401,2802,440.55
1371,2024-11-28,Notebook,Stationery,East,1,135,135,29.66
1388,2024-11-29,Headphones,Electronics,South,4,3536,14144,3178.81
1321,2024-11-29,Mobile,Electronics,North,4,33892,135568,12036.87
1505,2024-11-29,Notebook,Stationery,West,4,97,388,87.26
2088,2024-11-29,Notebook,Stationery,East,2,105,210,25.18
2133,2024-11-29,Sofa,Furniture,North,1,31017,31017,5026.06
2471,2024-11-29,Sofa,Furniture,North,2,16833,33666,8238.02
1311,2024-11-29,Mobile,Electronics,East,5,34916,174580,16018.16
2359,2024-11-29,Notebook,Stationery,West,5,94,470,87.34
2189,2024-12-01,Bookshelf,Furniture,West,4,6310,25240,3044.76
2032,2024-12-01,Watch,Accessories,West,2,2262,4524,597.58
1132,2024-12-01,Backpack,Accessories,South,4,2435,9740,1080.36
1878,2024-12-02,TV,Electronics,East,4,33323,133292,26102.57
2314,2024-12-02,Pen,Stationery,South,2,41,82,19.67
1891,2024-12-02,Notebook,Stationery,East,3,162,486,117.1
1675,2024-12-02,Laptop,Electronics,West,5,53287,266435,64212.28
1826,2024-12-02,Table,Furniture,West,5,6968,34840,3342.62
1489,2024-12-03,Pen,Stationery,East,1,66,66,14.72
2396,2024-12-03,Mobile,Electronics,North,1,34393,34393,6603.91
1099,2024-12-04,Bookshelf,Furniture,West,1,3388,3388,778.09
1935,2024-12-05,Sofa,Furniture,West,2,37540,75080,12984.21
1009,2024-12-05,Watch,Accessories,East,4,7899,31596,5187.43
1922,2024-12-06,Headphones,Electronics,East,2,4450,8900,1095.67
2283,2024-12-06,Bookshelf,Furniture,West,2,4311,8622,1577.64
2077,2024-12-07,Table,Furniture,South,5,5721,28605,2873.71
2242,2024-12-07,Pen,Stationery,East,5,76,380,43.26
2499,2024-12-07,Chair,Furniture,West,4,3199,12796,1277.52
2201,2024-12-07,Mobile,Electronics,North,5,33163,165815,25024.46
1060,2024-12-07,Sofa,Furniture,South,3,34190,102570,13354.55
1407,2024-12-08,Bookshelf,Furniture,North,5,8610,43050,8840.91
1944,2024-12-08,Bookshelf,Furniture,West,3,8010,24030,1922.53
1527,2024-12-08,Sofa,Furniture,North,4,32190,128760,25329.7
1949,2024-12-08,Backpack,Accessories,East,3,1065,3195,544.49
2020,2024-12-08,Laptop,Electronics,North,3,66334,199002,35213.16
2167,2024-12-08,Headphones,Electronics,North,2,638,1276,312.51
1336,2024-12-09,Table,Furniture,East,5,12816,64080,8662.31
1266,2024-12-09,TV,Electronics,West,3,20445,61335,12842.0
1357,2024-12-10,Mobile,Electronics,East,2,24035,48070,7537.4
1462,2024-12-10,Chair,Furniture,West,1,3431,3431,381.23
2001,2024-12-10,Laptop,Electronics,West,1,69457,69457,7517.52
1040,2024-12-11,TV,Electronics,East,4,56106,224424,42568.6
2360,2024-12-11,Mobile,Electronics,North,5,15766,78830,17173.82
1981,2024-12-11,Sofa,Furniture,South,4,38396,153584,13338.55
1765,2024-12-11,Sofa,Furniture,South,1,17485,17485,2207.15
1994,2024-12-13,TV,Electronics,South,5,20515,102575,24813.98
1029,2024-12-13,Notebook,Stationery,East,1,158,158,30.04
1198,2024-12-14,Bookshelf,Furniture,North,3,6408,19224,2293.09
1863,2024-12-14,Chair,Furniture,North,2,7190,14380,2956.63
1282,2024-12-14,Watch,Accessories,North,4,6455,25820,6312.39
2264,2024-12-15,Notebook,Stationery,West,5,88,440,83.79
1069,2024-12-15,TV,Electronics,East,4,22079,88316,9058.28
2202,2024-12-16,Watch,Accessories,East,5,8665,43325,3924.16
1776,2024-12-16,Laptop,Electronics,East,3,81067,243201,34357.63
1699,2024-12-17,Table,Furniture,North,3,7195,21585,3919.91
2118,2024-12-17,Notebook,Stationery,West,1,91,91,12.58
2328,2024-12-17,Mobile,Electronics,North,5,26029,130145,20276.69
2161,2024-12-17,Watch,Accessories,West,3,10313,30939,3818.18
1425,2024-12-18,Bookshelf,Furniture,East,3,2702,8106,857.35
2433,2024-12-18,Table,Furniture,West,5,8246,41230,7242.11
1520,2024-12-18,Pen,Stationery,East,5,94,470,83.31
1168,2024-12-18,Sofa,Furniture,East,1,28574,28574,3413.91
1588,2024-12-19,Backpack,Accessories,North,1,2239,2239,300.0
1740,2024-12-19,TV,Electronics,North,2,16920,33840,2834.58
2085,2024-12-19,Pen,Stationery,West,2,76,152,37.66
1554,2024-12-19,TV,Electronics,South,4,15340,61360,7360.52
1206,2024-12-20,Headphones,Electronics,South,4,3401,13604,1412.36
1632,2024-12-20,Watch,Accessories,West,3,3543,10629,2623.18
1310,2024-12-20,Pen,Stationery,West,2,96,192,23.11
1847,2024-12-20,Bookshelf,Furniture,West,4,8138,32552,4048.76
1495,2024-12-20,Watch,Accessories,North,2,8174,16348,3116.43
1599,2024-12-20,Mobile,Electronics,West,1,13355,13355,1187.26
1778,2024-12-21,Sofa,Furniture,East,3,13839,41517,3359.09
2306,2024-12-21,Headphones,Electronics,West,4,2839,11356,2494.35
1608,2024-12-21,Pen,Stationery,East,3,34,102,15.17
1936,2024-12-22,Mobile,Electronics,West,2,11981,23962,5653.49
1758,2024-12-22,Sofa,Furniture,West,4,21577,86308,8963.53
1577,2024-12-23,Backpack,Accessories,East,4,1409,5636,1003.75
1119,2024-12-23,TV,Electronics,North,5,38574,192870,39237.58
2237,2024-12-23,Watch,Accessories,West,2,8838,17676,3756.01
2311,2024-12-24,Pen,Stationery,East,4,60,240,30.42
1295,2024-12-24,Notebook,Stationery,South,2,37,74,13.79
1240,2024-12-24,Headphones,Electronics,North,1,3124,3124,308.59
2421,2024-12-24,Watch,Accessories,East,5,10477,52385,5271.67
2150,2024-12-24,Headphones,Electronics,South,2,1365,2730,548.74
2488,2024-12-24,Headphones,Electronics,East,2,528,1056,256.78
1852,2024-12-25,Pen,Stationery,East,5,76,380,37.82
1021,2024-12-25,Table,Furniture,East,1,12762,12762,1851.74
1751,2024-12-25,Headphones,Electronics,East,4,1231,4924,936.61
2424,2024-12-25,TV,Electronics,East,5,42398,211990,24725.92
1192,2024-12-25,Laptop,Electronics,East,5,44984,224920,33185.61
2067,2024-12-26,Mobile,Electronics,West,5,29991,149955,15546.31
1515,2024-12-26,Laptop,Electronics,West,1,77070,77070,6203.87
1165,2024-12-26,Chair,Furniture,South,3,7447,22341,2411.16
1929,2024-12-26,Table,Furniture,South,5,5350,26750,5097.81
1506,2024-12-26,Table,Furniture,North,5,6198,30990,6894.84
2320,2024-12-27,Mobile,Electronics,South,4,38974,155896,34195.02
2462,2024-12-27,Laptop,Electronics,West,5,78642,393210,70432.37
2082,2024-12-27,Bookshelf,Furniture,West,5,8768,43840,4112.1
1517,2024-12-27,Laptop,Electronics,North,5,45332,226660,36706.9
1429,2024-12-27,Mobile,Electronics,East,2,10520,21040,4338.43
1427,2024-12-27,Pen,Stationery,West,1,81,81,16.69
2255,2024-12-27,Headphones,Electronics,South,3,4283,12849,2009.27
1216,2024-12-28,Laptop,Electronics,East,4,56172,224688,47424.36
2019,2024-12-28,Sofa,Furniture,West,5,11181,55905,10115.6
1263,2024-12-28,Chair,Furniture,South,2,3074,6148,1346.75
1454,2024-12-29,Pen,Stationery,South,4,95,380,48.21
1234,2024-12-29,Sofa,Furniture,East,1,38535,38535,6609.84
1188,2024-12-29,Backpack,Accessories,East,1,1705,1705,280.85
1486,2024-12-29,Watch,Accessories,North,2,11764,23528,5159.06
2148,2024-12-29,Sofa,Furniture,South,1,26929,26929,5915.74
2423,2024-12-29,Pen,Stationery,South,3,29,87,16.49
1221,2024-12-30,Backpack,Accessories,South,2,2748,5496,882.77
1648,2024-12-30,Headphones,Electronics,West,3,4910,14730,3060.91
1448,2024-12-30,TV,Electronics,North,3,32833,98499,15074.45
1480,2024-12-31,Table,Furniture,East,1,5591,5591,1211.08
1049,2024-12-31,Mobile,Electronics,South,3,10869,32607,6222.51
2117,2024-12-31,Bookshelf,Furniture,North,5,8800,44000,9869.95
1586,2024-12-31,Headphones,Electronics,North,5,2807,14035,3310.22
2078,2024-12-31,Laptop,Electronics,South,1,61950,61950,7397.64
1872,2024-12-31,Bookshelf,Furniture,North,5,6750,33750,4906.71
1197,2024-12-31,Mobile,Electronics,West,4,24438,97752,21775.64
1962,2024-12-31,Watch,Accessories,East,5,2452,12260,1024.43
2498,2024-12-31,Headphones,Electronics,North,5,1097,5485,610.2
1121,2024-12-31,Laptop,Electronics,East,5,88932,444660,51237.59
